主办方,计数
"""""""东南大学教务处、东南大学电子商务“三创赛”组织委员会 """"""",1
1,3
111,1
1111,2
2013－2017年教育部高等学校电子信息类专业教学指导委员会 等,1
2016“张三丰杯”竹产业国际工业设计大赛 等,1
2016北京国际设计周－751国际设计节 等,1
2016年浙江省高职高专院校技能大赛中华茶艺竞赛组委会,1
2016服务南博外语翻译大赛 等,1
2016第八届索非亚国际戏剧海报三年展,1
2017“读懂中国”大学生纪录片大赛组委会,1
2017天津城市艺术之旅第二届“和平杯”钢琴大赛组委会,1
2017年浙江省高职高专院校技能大赛“中华茶艺”竞赛组委会,1
2017第二届“五维源”杯中国苏州·小人国设计大赛,1
2018厦门国际动漫节,1
2019厦门市运动会赛事组委会,1
2019德国iF设计奖征集,1
2019白金创意国际大学生平面设计大赛,1
2021中国·烟台海内外精英创业大赛组委会,1
2021智博会组委会,1
2022 Code for Better _ Hackathon,1
2022中国·烟台海内外精英创业大赛组委会,1
2022年DFI计算机编程大赛组委会,1
2022年中国包装创意设计大赛,1
2022年第19届亚运会组委会,1
2023“联合国采购杯”全国大学生英语阅读大赛组委会,1
2023上海国际创客大赛,1
2023年东方设计奖·全国高校创新设计大赛,1
2023年河北省公益广告大赛,1
2023年首届武汉文化创意设计大赛,1
2023首届中国大学生旅游管理虚拟仿真大赛,1
2024“印象菏泽”征文活动正式开启！,1
2024上半年白雀奖全国原创诗词曲大赛,1
2024上海国际公益广告大赛,1
2024上海市节能宣传周海报设计征集,1
2024年全国数智商业生态运营大赛,1
2024年四川省科普讲解大赛,1
2024年首届教育信息技术应用创新大赛,1
2024深圳马拉松奖牌与吉祥物设计大赛,1
2025年第九届亚洲冬季运动会组织委员会,1
2025年（第18届）中国大学生计算机设计大赛,1
21世纪报社,1
357宿舍,1
360校园关系部 等,1
37家省市消协（消委会、消保委） 等,1
3D动力,1
3D动力（全国3D技术推广服务与教育培训联盟）,1
3D打印实验室,1
45省市消协组织 等,1
5•12青年志愿者协会,1
ABB中国,1
ABB（中国）有限公司,2
ACE 等,1
ACE无人机竞速挑战赛组委会,1
ACM-ICPC中国辽宁省大学生程序设计竞赛组织委员会主办,1
ACM/ICPC,1
ADC,1
APEC,1
ASC世界大学生超级计算机竞赛组委会,1
AceBridge,1
AdMob,1
Altera 等,1
Altán Klamovka Gallery,1
Asian Job Express,1
Astar百度之星,1
Atmel 等,1
Autodesk 中国教育管理中心,1
BAT,1
BONC东方国信,1
BOSS直聘 等,1
C2C Startups,1
CACT英语能力培养中心,1
CATICs组织委员会,1
CCII,1
CCTV,3
CCTV发现之旅,1
CDN,1
CLUE（Community Lighting for the Urban Environment，城市环境公共照明组织）,1
COMAP,7
COMAP公司,1
CVA注册估值分析师协会,1
Car Design News、Ultima Media Ltd,1
Chronicle Books  等,1
CloudWeGo,1
Cool Kids Fashion童装设计大赛组委会,1
DBR（DESIGN BUILD RESEARCH）,1
DECA,1
DataCastle数据城堡,1
Decathlon(迪卡侬),1
DeepModeling社区 等,1
EPLAN 中国销售及服务中心 等,1
ESWC,1
Elite世界精英模特大赛组委会,1
Esri中国信息技术有限公司,2
FBIF食品饮料创新论坛组委会 等,1
FIRA,1
Facebook,2
Fly Your Ideas,1
Futurize 等,1
GAME BANG 2021北京国际游戏创新大会组委会 等,1
GCIC 全球气候创新中心,1
GE基金会、GE中国研发中心与国际教育协会,1
GIFP中国,1
GMGC,1
GSVC,1
Giovanna,1
Google,2
H3C,1
HiQ量子计算软件团队 等,1
Hiiibrand（嗨！品牌）,1
Hiiibrand（嗨！品牌）网站,1
Honda中国,1
ICPC Asia EC委员会,1
ICPC Foundation,1
IDEA国际辩论教育协会,1
IDG 等,1
IECIE深圳电子烟展,1
IEEE中国 等,1
IEEE智能交通系统学会,1
IEEE美国电子与电气工程师协会,1
IFLA,1
IGG,1
IMA,1
IQ 商务中心,1
JA中国,1
JoblabX 未来职业实验室,1
Katus.eu 等,1
LETV,1
LEXUS雷克萨斯国际,1
LVMH,1
MSI微星科技,1
MathorCup全球大学生数学建模竞赛组委会,1
Microsoft Edge 浏览器开拓者大赛组委会,1
Mut zur Wut,2
NAFA杯中国国际青年裘皮服装设计大赛暨国际裘皮协会（IFTF）设计大赛中国预选赛组委会,1
NC 精致服务平台 等,1
NI美国国家仪器公司,1
NKA基金会（Nka Foundation）,1
Natuzzi,1
ONE·一个,1
OPPO研究院 等,1
OTIS,1
Office办公软件考试中心,4
Olympus 全球公开摄影大赛运营团队,1
RAW Design  等,1
REMIX,1
ROOBO北京智能管家科技有限公司 等,1
RPA中国,1
RoboCup国际联合会,2
RoboCup日本,1
SAE International,1
SAS中国,2
SESH赛思,1
SPE,2
Shelter株式会社,3
Sichuan Knowledgeable Intelligent Sciences 等,1
Silicon Valley Robotics 等,1
Sustainable Building Asia,1
TCL,1
TCT Magazine,1
TWT大学生交易联盟,1
The One Club for Art & Copy,2
The UK association of applied mathemativs 等,1
The Urban Space Improvement Bureau at Seoul Metropolitan Government,1
ThinkPad,1
ThoughtWorks,2
TopCoder,2
U+平台 等,1
UC Berkeley,1
UI中国 等,1
Vectorworks,1
WC3L,1
WEG,1
WHO-TDR 等,2
Wacom,1
WeBank  微众银行,1
arch out loud,1
eVolo 杂志,1
e络盟 等,1
iCAN 大学生创新创业大赛组委会,1
iCAN国际联盟 等,1
iCAN大学生创新创业大赛组委会,1
office办公软件考试中心,1
wu,1
 2025年中国大学生工程实践与创新能力大赛组委会,1
“21世纪杯”全国英语演讲比赛组委会,1
“Angela & Lucas”童装创意设计大赛组委会,1
“CFW&辛巴达杯”中国女装网络设计大赛组委会,1
“COCOON杯”中国国际女装设计师大奖赛组委会,1
“VISCAP杯”女装流行设计时装画大赛组委会,1
“一带一路”国际艺术教育联盟 等,1
“万事利杯”杭州丝绸旅游产品设计大赛组委会,1
“丝路杯”全国数独大赛组织委员会,1
“中华思想文化术语传播工程”秘书处 等,3
“中华杯”国际服装设计大赛组委会,1
“中国•织里”全国童装设计大赛组委会,1
“中国真维斯杯”休闲装设计大赛组委会,2
“中国软件杯”大学生软件设计大赛组委会,1
“中国轻纺城杯”中国国际时装创意设计大赛组委会,1
“中国领带名城杯”全国丝品花型设计大赛组委会,1
“中孚达杯”针织时装设计大赛组委会,1
“中韵杯”全国征文竞赛系列组委会 等,1
“乔丹杯”中国运动装备设计大赛组委会,1
“九牧王杯”中国时装设计新人奖组委会,1
“九牧王杯”中国裤装设计（精英）大赛组委会,1
“促进HIV检测”设计创新马拉松参赛组委会,1
“信风杯”全国高校征文大赛组委会,1
“全国大众创业万众创新活动周”组委会,3
“兴顺福杯”中国中老年服装设计大赛组委会,1
“创祎杯”全国大学生创新创业大赛组委会,1
“创祎杯”全国大学生创新创业大赛组委会 等,1
“创祎杯”全国大学生课外学术科技作品大赛组委会,1
“创祎杯”全国大学生课外学术科技作品大赛组委会 等,1
“华孚杯”中国色纺时尚设计大赛组委会,1
“古韵杯”全国诗词征文大赛组委会,1
“名瑞杯”中国晚礼服设计大奖赛组委会,1
“向上吧，中国！”全国全民引体向上大赛,1
“喜得龙杯”中国(晋江)海峡两岸运动鞋设计大赛组委会,1
“园冶杯”风景园林国际竞赛组委会,1
“圣得西杯”中国轻商务装设计大赛组委会,1
“大浪杯”中国女装设计大赛组委会,1
“大连杯”时装画大赛组委会,1
“大连杯”青年服装设计师大赛组委会,1
“学习强国”学习平台,1
“小桃泳衣杯”中国（葫芦岛•兴城）泳装设计大赛组委会,1
“常熟服装城杯”中国休闲装设计精英大奖赛组委会,1
“新婧杯”全国大学生创新创业大赛组委会,2
“时尚自我新表达”Zdapei [最搭配] 时尚搭配大奖赛组委会,1
“昆玉杯”全国大学生创新创业大赛组委会,1
“昙华林杯”婚礼服饰设计大赛组委会,1
“校园精灵杯”中国学生装全球设计大赛组委会,1
“欧迪芬杯”中国内衣设计大赛组委会,1
“水-天地人”EP雅莹世博服装设计大赛组委会,1
“汉帛奖”中国国际青年设计师时装作品大赛组委会,1
“浩沙杯”国际泳装设计大赛组委会,1
“海创杯”全国大学生科技创新创业大赛组委会,2
“清华社杯”全国艺术英语  词汇竞赛组委会,1
“清华经管学院魏杰经济学优秀论文”奖学金,1
“爱在杭州”中国婚纱设计大赛组委会,1
“白榆杯”大学生创新创业大赛组织委员会,1
“真皮标志杯”中国国际皮革、裘皮服装设计大奖赛组委会,1
“睿诚杯”重庆“十佳制版师”大赛组委会,1
“石狮杯”服装设计大赛组委会,1
“石膏山杯”全国征文大赛组委会,1
“移动云杯”算力网络应用创新大赛（高校赛道）广东赛区组委会,1
“空间信息网络基础理论与关键技术”重大研究计划指导专家组,1
“紫香槐杯”全国网络文学大赛组委会,1
“美丽中国”新闻摄影作品有奖征集 等,1
“联合国采购杯”全国大学生英语翻译大赛组委会,1
“联合国采购杯”全国大学生英语词汇大赛组委会,1
“花开盛世”2024中国牡丹之都（菏泽）牡丹文学作品大赛,1
“虎门杯”国际青年设计（女装）大赛组委会,1
“见与行”暑期学校,1
“认证杯”数学中国数学建模 网络挑战赛组委会,1
“设想未来”大学生首饰创意设计大赛组委会,1
“语言桥杯”全国高校笔译邀请赛暨“环球网杯”新闻编译邀请赛组委会,1
“达利杯”中国老年服装设计大赛组委会,1
“远大环保杯”中国（大朗）毛织服装网上设计大赛组委会,1
“青春的纪录”环太平洋大学生微纪录作品大赛组委会,1
“高勒牧德杯”草原风时装画设计大赛组委会,1
“魅力中国 东方时尚”•OMC世界比基尼模特大赛组委会,1
“鲁绣杯”中国大学生家用纺织品创意设计大赛组委会,2
“黄河安澜”——首届甘肃生态文学征文大赛,1
⾹港中⽂⼤学校友慈善基⾦伙伴机构未圆湖书院 等,2
　教育部、国家发展改革委、科学技术部、工业和信息化部、国家民委、民政部、财政部、人力资源社会保障部、自然资源部、生态环境部、住房城乡建设部、交通运输部、水利部、农业农村部、商务部、文化和旅游部、国家卫生健康委、应急管理部、国务院国资委、国家粮食和物资储备局、中国民用航空局、国家乡村振兴局、国家中医药管理局、中华全国总工会、共青团中央、中华职业教育社、中华全国供销合作总社、中国职业技术教育学会、中国机械工业联合会、中国石油和化学工业联合会、中国物流与采购联合会、中国纺织工业联合会、中国有色金属工业协会、中国,1
《中国乡村振兴》杂志社 等,1
《中国健康心理学杂志》社,2
《中国农民合作社》编辑部,1
《中国周刊》,1
《中国就业》杂志社,5
《中国建筑教育》编辑部 等,1
《中国消防》杂志社,1
《中国版权》,1
《中国版权》杂志社,1
《中国银行保险报》 等,1
《亚太人文》杂志社,1
《人民文学》杂志社 等,1
《众创空间“中国双创好想法”2016大学生创新创业好想法国际大赛》组委会 等,1
《作文周刊》报社,3
《保健与生活》杂志社,1
《儿童文学》编辑部,1
《创业家》,1
《华夏地理》,1
《名作欣赏》杂志社,1
《大众慈善》杂志 等,1
《建筑师》杂志社 等,1
《昕薇》杂志,1
《智慧中国》杂志社,1
《智慧中国》杂志社 等,1
《智慧中国杂志社》,1
《浙江作家》 等,1
《环球人物》杂志社 等,1
《空中英语教室》杂志社,3
《第一财经日报》、中国农业银行,1
《经济》杂志社,3
《英语世界》杂志社,2
《诗刊》社,1
《诗刊》社 等,2
《诗刊》社、海南省文学艺术界联合会,1
【国家一级协会】中国城市商业网点建设管理联合会国际商务交流与外语研究分会 等,1
丁勇老师数学建模基金会,1
万方数据,1
万格文教科技实业有限公司,1
万源市宣传部 等,1
万达集团,1
万门大学,1
三七互娱,2
三亚市妇联 等,1
三亚市文化体制改革与文化产业发展办公室、三亚市文化产业协会,1
三棵树涂料股份有限公司,1
三门峡市文联 三门峡日报社,1
上汽大通,1
上汽通用五菱,1
上汽通用汽车有限公司,2
上汽集团,1
上汽集团乘用车公司,1
上海,1
上海2021年第46届世界技能大赛事务执行局 等,1
上海“互联网+”创新发展联盟,1
上海万耀企龙展览有限公司 等,1
上海上汽安悦充电科技有限公司,1
上海交大文创学院 等,1
上海交通大学,4
上海交通大学  等,1
上海交通大学 等,3
上海交通大学博闻研微网络文化工作室 等,1
上海交通大学团委,1
上海交通大学国家大学生文化素质教育基地  上海交通大学传记中心  中国艺术研究院《传记文学》杂志社,1
上海交通大学图书馆 等,1
上海交通大学外国语学院、华为技术有限公司翻译中心,1
上海交通大学船舶海洋与建筑工程学院 等,1
上海华测导航技术股份有限公司 等,1
上海博物馆 等,1
上海团市委,1
上海国际模特大赛组委会,1
上海国际设计周,1
上海外国语大学,3
上海大学  等,1
上海大学 等,3
上海大学、上海市广告协会,1
上海大学上海电影学院 等,1
上海大学教务处 等,1
上海大学教务处、上海大学机电工程与自动化学院,2
上海大学教务处、上海大学机自学院,2
上海大学文学院 等,1
上海大学新闻传播学院 等,1
上海大学生原创音乐大赛组委会,1
上海大学生电视节组委会,1
上海大数据联盟 等,4
上海学为信息科技有限公司 等,1
上海工业设计协会,1
上海工商管理专业学位研究生教育指导委员会 等,1
上海工程技术大学Artificial Intelligent X （AI-X）社团,1
上海工艺美术博物馆、上海工艺美术行业协会,1
上海市人力资源和社会保障局,1
上海市人工智能行业协会,1
上海市人工智能行业协会 等,1
上海市人民政府,1
上海市人民政府台湾事务办公室 等,1
上海市仪器仪表学会,1
上海市仪器仪表学会 等,1
上海市健康科技协会科技传播（国际）专委会 等,3
上海市健康科技协会科技传播（国际）工作委员会 等,1
上海市健康科技协会科技传播（国际）工作委员会（专委会） 等,1
上海市力学学会,2
上海市力学学会 等,1
上海市勘察设计行业协会,1
上海市司法局 等,1
上海市大学生实验室安全知识竞赛组委会,1
上海市奉贤区文化和旅游局 等,1
上海市妇女联合会 等,1
上海市学生联合会,2
上海市宝山区人才工作领导小组办公室 等,1
上海市宝山区农业农村委员会 等,2
上海市工人文化宫 等,1
上海市工商行政管理局 等,1
上海市建筑学会 等,1
上海市徐汇区市场监督管理局（知识产权局） 等,1
上海市慈善基金会 等,1
上海市慈善教育培训中心、上海设计之都促进中心,1
上海市摄影家协会 上海市突出贡献专家协会 《小康》杂志社,1
上海市教委、上海市科学技术协会,1
上海市教委高教处,1
上海市教育厅,4
上海市教育委员会,6
上海市教育委员会  上海科技馆,1
上海市教育委员会 等,2
上海市教育委员会高等教育处 等,1
上海市文化和旅游局,1
上海市文化和旅游局 等,1
上海市文学艺术界联合会 等,1
上海市旅游局,2
上海市时尚产业化妆品创新设计服务平台 等,1
上海市松江区人力资源和社会保障局 等,1
上海市松江区科学技术委员会、国家火炬上海松江洞泾人工智能特色产业基地,1
上海市民政局 等,1
上海市物理学会,1
上海市物联网行业协会,1
上海市生态文化协会 等,1
上海市知识产权局 等,1
上海市科创教育指导委员会,2
上海市科技工作党委 等,1
上海市科技翻译学会 等,1
上海市经济和信息化委员会,2
上海市网络文化协会高校专委会,1
上海市艺术教育委员会,1
上海市语言文字水平测试中心,1
上海市金融青年联合会 等,1
上海市青年创意人才协会、上海市青年文学艺术联合会、上海网络作家协会、上海电影家协会,1
上海广播电视台 等,1
上海庆科信息技术有限公司,1
上海异丽派实业有限公司,1
上海德勤税务师事务所有限公司,1
上海新兴信息通信技术应用研究院,1
上海新民晚报社 等,1
上海新锐,1
上海时尚产业发展中心,1
上海服装行业协会 等,1
上海海事大学  中国工业设计研究院  恰尔思实业（上海）有限公司  上海红双喜游艇有限公司  江苏米兰船业科创发展有限公司,1
上海物理学会,1
上海理工大学,11
上海理工大学教务处,1
上海理工大学教务处 等,1
上海理工大学数学建模,1
上海理工大学本科生院（教务处、创新创业学院） 等,1
上海理工大学机械工程学院现代电力电子实验室 等,1
上海申通德高地铁广告有限公司 等,1
上海电气（集团）总公司 等,1
上海电视艺术家协会、上海市学生事务中心,1
上海经济和信息化委员会 等,1
上海绿色低碳创新服务基地 等,1
上海艺术摄影协会 等,1
上海蓝游传媒有限公司,1
上海视觉艺术学院 等,1
上海财经大学,1
上海连源信息科技有限公司,1
上海金桥经济技术开发区管理委员会,1
世界中医药学会联合会,1
世界中医药学会联合会（翻译专业委员会、翻译中心）,1
世界互联网大会 等,1
世界医疗机器人协会 等,1
世界华文作家协会（澳门）,1
世界华文创意写作协会 等,1
世界大学生的体育协会,1
世界小姐大赛组委会,1
世界技能大赛组委会,1
世界摄影组织,1
世界未来能源峰会,1
世界机器人大赛组委会,1
世界比基尼模特大赛组委会,1
世界汉语教学学会 等,1
世界礼仪服饰设计大赛组委会,1
世界自然基金会(WWF),1
世界自由贸易区联盟,1
世界规划教育组织 等,1
世界设计组织（WDO） 等,1
世界象棋联合会,1
世界超级模特大赛组委会,1
丘成桐大学生数学竞赛学术和命题委员会 等,1
丘成桐大学生数学竞赛组委会,6
丘成桐教授 等,1
丘成桐教授发起,1
东三省高校,1
东北三省数学建模竞赛组委会,1
东北三省数学建模组委会,5
东北三省数学建模联赛组委会,16
东北三省数学建模联赛辽宁赛区组委会,1
东北三省数学建模联赛辽宁赛区组委会 等,1
东北大学校党委宣传部 等,1
东北大学秦皇岛分校大学生数学建模竞赛协会,1
东北大学秦皇岛分校数学与统计学院,4
东北师范大学启思教师技能协会,1
东北师范大学数学与统计学院学生会,1
东北师范大学数学建模协会,1
东北师范大学校团委,1
东北师范大学经济学院,1
东北师范大学经济学院团委,1
东北师范大学诚呈职业发展商业协会,1
东华大学NUEDC创新协会,1
东南大学,4
东南大学 “第五届金相技能竞赛” 等,1
东南大学 等,1
东南大学信息安全竞赛组委会,1
东南大学外国语学院,1
东南大学教务处,9
东南大学教务处 等,9
东南大学教务处、东南大学IEEE标准电脑鼠走迷宫竞赛组委会,1
东南大学教务处、东南大学RoboCup机器人组委会,1
东南大学教务处、东南大学“向经典致敬”诵读竞赛组委会,1
东南大学教务处、东南大学创意设计竞赛组委会,1
东南大学教务处、东南大学大学生CAD技术应用竞赛组委会,1
东南大学教务处、东南大学大学生计算机设计竞赛组委会,1
东南大学教务处、东南大学学大学生健康素养竞赛组委会,1
东南大学教务处、东南大学本科生创新体验竞赛组委会,1
东南大学教务处、东南大学物理实验研究论文竞赛组委会,1
东南大学教务处、东南大学电子设计竞赛组委会,1
东南大学教务处、东南大学第PLD设计竞赛组委会,1
东南大学教务处、东南大学结构创新竞赛组委会,1
东南大学教务处、东南大学英语话剧竞赛组委会,1
东南大学教务处、东南大学虚拟仪器设计竞赛组委会,1
东南大学教务处、东南大学视觉制导机器人竞赛组委会,1
东南大学教务处、共青团东南大学委员会、吴健雄学院,1
东南大学本科生2015年高等数学竞赛,1
东南大学机械工程学院 等,1
东南大学机械工程学院、东南大学方程式汽车设计竞赛组委会,1
东南大学第二届云计算应用创新大赛组委会,1
东南大学英语竞赛组委会,1
东方国信学院,3
东方时尚电视模特大赛组委会,1
东方证券 等,1
东湖高新区管委会,1
东莞市人民政府,2
东莞市人民政府 等,1
东莞市住房和城乡建设局、东莞市绿色建筑协会、世界莞商联合会、中庆集团、西牛皮、东莞茂商,1
东莞市文化馆 等,1
东莞松山湖马拉松友谊赛暨科技文化交流日活动标识设计征集大赛筹办工作组委会,1
东莞理工学院 等,1
东莞理工学院、东莞职业技术学院、东莞报业传媒集团、哈一代娱乐文化集团,1
东莞理工学院电子协会,1
东风汽车,1
东风汽车公司 等,1
中传扬帆（北京）传媒有限公司 等,1
中体未来 等,1
中信证券合肥濉溪路营业部,1
中信银行信用卡中心,1
中共三亚市委宣传部 等,1
中共上海市委宣传部,1
中共上海市委宣传部 等,2
中共上海市委宣传部、中共上海市委党史研究室、中共上海市教育卫生工作委员会、上海市教育委员会、上海市商务委员会、上海市文化和旅游局、上海市国有资产监督管理委员会、共青团上海市委员会、上海市妇女联合会、上海市社会科学界联合会、上海市文学艺术界联合会、中共一·二·四大场馆管理委员会,1
中共上海市委宣传部指导 等,1
中共上海市教育卫生工作委员会 等,2
中共上海市闵行区委宣传部、长三角会商旅文体示范区,1
中共丽水市委宣传部,1
中共丽水市委宣传部  等,1
中共丽水市委宣传部、中共丽水市委党史研究室、丽水市文广旅体局、丽水市新闻传媒,1
中共丽江市委宣传部、中共丽江市委组织部、丽江市文化和旅游局,1
中共云南省委宣传部 等,3
中共云岩区委 等,1
中共井冈山市委宣传部,1
中共保亭黎族苗族自治县委 等,1
中共北京市委宣传部 等,2
中共北京市延庆区委宣传部 等,1
中共北京市通州区委员会 等,1
中共南京市委宣传部,1
中共南京市鼓楼区委宣传部 等,1
中共厦门市海沧区委宣传部 等,1
中共合肥市委宣传部、合肥市科学技术协会,1
中共四川省纪律检查委员会 等,1
中共天津市委宣传部 等,1
中共太仓市委员会 等,1
中共太原市委宣传部 太原市文化和旅游局 太原市城镇集体工业联合社,1
中共宣城市宣州区委宣传部 等,1
中共寿县县委宣传部 等,1
中共山东省委国安办 等,1
中共山东省委宣传部,2
中共山东省委宣传部 等,4
中共常州市委宣传部 等,1
中共广东省委网络安全和信息化委员会办公室 等,1
中共广州市委宣传部 等,1
中共库伦旗委宣传部、库伦旗文学艺术界联合会、库伦旗文化和旅游局,1
中共张家口市委宣传部,1
中共张掖市委宣传部 等,1
中共德清县委人才工作领导小组办公室 等,1
中共成都市委人才工作领导小组办公室、成都市人力资源和社会保障局、成都高新区管委会,1
中共攀枝花市委宣传部 等,1
中共无锡市委宣传部、无锡市广电和旅游局,1
中共昆明市委宣传部 等,2
中共桐庐县委宣传部,1
中共武汉市委宣传部 等,1
中共江苏省委宣传部 等,6
中共江苏省委宣传部、江苏省住房和城乡建设厅联合中国建筑学会、中国勘察设计协会、中国风景园林学会,1
中共河南省委宣传部 等,1
中共泉州市委宣传部 等,1
中共泰安市委宣传部、中共泰安市委网信办,1
中共济南市委 等,1
中共济南市委外宣办 等,1
中共济南市委宣传部 等,4
中共济宁市委宣传部 等,1
中共浙江省委宣传部,1
中共浙江省委宣传部  等,1
中共浙江省委宣传部 等,3
中共浙江省委宣传部、中共浙江省委网络安全和信息化委员会办公室、浙江省广播电视局、浙江广播电视集团,1
中共海南省委自由贸易港工作委员会办公室,1
中共深圳市委宣传部 等,4
中共湖北省委宣传部 等,1
中共湖北省委宣传部、中共湖北省委网络安全和信息化委员会办公室、湖北省教育厅、湖北省人民政府国有资产监督管理委员会、湖北省广播电视局,1
中共湖南省委宣传部,1
中共湖南省委教育工作委员会 等,1
中共湖南省委教育工委、湖南省教育厅,1
中共湖南省委网络安全和信息化领导小组办公室 等,1
中共湖里区委宣传部 等,1
中共烟台市委组织部 等,1
中共瑞安市委宣传部（瑞安市新闻出版局）中共林川镇委林川镇人民政府,1
中共甘肃省委网络安全和信息化委员会办公室,1
中共石家庄市委 等,1
中共福州市委宣传部 等,1
中共福建省委宣传部,1
中共福建省委宣传部 等,1
中共绍兴市委组织部 等,1
中共美兰区委 等,1
中共聊城市委市直机关工委 等,1
中共苏州市委外宣办 等,2
中共蒙自市委宣传部 等,1
中共鄂尔多斯市委员会宣传部 等,2
中共重庆市北碚区委、重庆市北碚区人民政府、《诗刊》社、重庆市作家协会、西南大学,1
中共重庆市委宣传部 等,1
中共重庆市巫溪县委宣传部 等,1
中共重庆市渝中区委员会 等,1
中共银川市委 等,1
中共镇江市委宣传部、镇江市文化广电和旅游局,1
中共阿里地委网信办,1
中共陕西省委宣传部、中共陕西省委高教工委、陕西省新闻出版广电局、共青团陕西省委、西咸新区管理委员会、中国高等院校影视学会、中国国际影视文化交流促进会、西部电影集团有限公司,1
中共陕西省委网信办,1
中共陕西省委高教工委、陕西省教育厅、陕西省科学技术厅、陕西省人力资源和社会保障厅、陕西省中小企业促进局、陕西省西咸新区管理委员会、共青团陕西省委,1
中共青岛市委宣传部 等,1
中共高台县委 高台县人民政府 等,1
中共黄冈市委 等,1
中共黄山市委宣传部,1
中共黄梅县委宣传部、黄冈市作家协会,1
中共黑龙江省农业委员会 等,1
中共黑龙江省委奋斗杂志社、黑龙江大学,1
中共黑龙江省委宣传部、省精神文明办、黑龙江省工商管理局、黑龙江广播电视台联合主办,1
中共黑龙江省委网络安全和信息化委员会办公室,1
中关村人才市场 等,1
中关村国家实验室 等,1
中关村教育基金会,1
中关村海淀园管委会 等,1
中关村科学城管委会 等,1
中关村超互联新基建产业创新联盟,2
中关村高科技产业促进中心,1
中北大学理学院团委,1
中华人民共和国人力资源社会保障部 等,1
中华人民共和国教育部,7
中华人民共和国教育部  等,1
中华人民共和国教育部 等,4
中华人民共和国教育部、中华人民共和国科学技术部,1
中华人民共和国教育部主办 等,1
中华人民共和国科学技术部 等,1
中华人民共和国第三届职业技能大赛执委会,1
中华全国台湾同胞联谊会海峡两岸非物质文化传承发展交流基地  等,1
中华全国学生联合会 等,1
中华全国归国华侨联合会 等,1
中华出版促进会 (中宣部主管) 等,2
中华出版促进会 等,1
中华出版促进会(中央宣传部主管的国家一级社团) 等,1
中华出版促进会全媒体人才专业委员会,1
中华出版促进会全媒体人才专业委员会 等,4
中华出版促进会国际人才文化传播工作委员会,2
中华出版促进会国际人才文化传播工作委员会 等,3
中华商标协会,1
中华商标协会 等,1
中华嫁衣创意大赛组委会,1
中华散文网 等,1
中华文化产业促进会,1
中华文化促进会 等,1
中华文化促进会主持人专业委员会,1
中华文化促进会创投中心,1
中华爱子影视教育促进会,1
中华环保联合会,3
中华环保联合会青少年环境友好行动委员会,4
中华职业教育社,1
中华职业教育社 等,1
中华诗教学会 等,2
中华诗词学会   等,1
中华诗词学会  等,1
中华诗词学会 等,4
中华诗词学会创作委员会、青岛市即墨区委宣传部、即墨区文化和旅游局、即墨区融媒体中心、即墨区田横岛旅游度假区管委会,1
中华预防医学会 等,3
中南地区六省（河南、湖北、湖南、广东、广西、海南）包装技术协会（或联合会）设计委员会,1
中南地区模拟联合国大会,1
中南地区港澳特区金工研究会,1
中南大学,18
中南财经政法大学教务部,1
中原大学生微电影节组委会,1
中国“双法”研究会低碳发展管理专业委员会,1
中国•哈尔滨国际冰雪节组委会 等,2
中国•平湖服装设计大赛组委会,1
中国上海国际童书展,1
中国世界民族文化交流促进会   等,1
中国世界石油理事会国家委员会 等,1
中国丝绸协会 等,1
中国丝绸博物馆,1
中国中医药科技发展中心,1
中国中央电视台,1
中国中文信息学会 等,1
中国乐器协会 等,1
中国乡村发展协会,1
中国书法出版传媒有限责任公司 等,1
中国云南石林彝族（撒尼）刺绣旅游商品及创意文化手工艺品制作设计大赛组委会,1
中国互联网协会,5
中国互联网协会  新赢家网,1
中国互联网协会 等,3
中国互联网协会工业互联网工作委员会 等,2
中国互联网发展基金会,1
中国互联网发展基金会 等,1
中国互联网新闻中心  中国外文局CATTI项目管理中心,2
中国互联网新闻中心 等,1
中国交通报社,1
中国交通教育研究会,1
中国交通教育研究会 等,1
中国交通运输协会,1
中国交通运输协会 等,2
中国人力资源开发研究会,2
中国人口福利基金会,1
中国人工智能协会 等,1
中国人工智能学会,18
中国人工智能学会 等,22
中国人工智能学会(CAAI),1
中国人工智能学会、教育部高等学校计算机类专业教学指导委员会,1
中国人工智能学会、杭州市余杭区人民政府,1
中国人工智能学会、科技部新一代人工智能发展研究中心,1
中国人工智能学会教育工作委员会 等,1
中国人工智能学会智能产品与产业工作委员会,1
中国人工智能学会机器人足球工作委员会,1
中国人民公安大学 等,1
中国人民大学,1
中国人民大学信息资源管理学院,1
中国人民大学公共管理学院,3
中国人民大学商学院 等,1
中国人民对外友好协会 等,1
中国人民财产保险股份有限公司,1
中国人民银行数字货币研究所,1
中国人生科学学会科学文化教育融合发展专委会,1
中国人类工效学学会 等,1
中国仪器仪表学会,2
中国仪器仪表学会 等,3
中国仿真学会 等,2
中国仿真学会/西门子(中国)有限公司,1
中国企业文化促进会创业就业指导工作委员会,2
中国优选法统筹法与经济数学研究会,28
中国传媒传媒大学,1
中国传媒大学,3
中国传媒大学 等,1
中国传媒大学广告学院,1
中国传媒大学广告学院  北京市西城区文物保护管理中心,1
中国传媒大学新闻传播学部电视学院,1
中国传媒大学青果文学社  等,1
中国传统文化促进会散曲创作室 等,1
中国作协《中国作家》杂志社、贵州茅台酒股份有限公司、贵州茅台酱香酒营销有限公司,1
中国作家出版集团,1
中国作家协会,1
中国作家协会《诗刊》社 等,2
中国作家协会全民阅读办公室 等,1
中国侨联、全国台联、人民日报海外版、《快乐作文》杂志,1
中国保险行业协会,1
中国信息协会,8
中国信息安全测评中心,1
中国信息安全职业技能竞赛(ISG)组委会,1
中国信息无障碍产业联盟 等,1
中国信息通信研究院,5
中国信息通信研究院 等,5
中国信息通信研究院、开放数据中心委员会,1
中国信通院 等,1
中国儿童中心 等,1
中国儿童文学研究会阅读与写作委员会 等,4
中国光学学会,1
中国光学学会、教育部高等学校光电信息科学与工程专业教学指导分委员会,1
中国光学工程学会 等,1
中国公益慈善项目交流展示会组委会,1
中国公益慈善项目交流展示会组委会办公室 等,1
中国公益慈善项目交流展示会组委会办公室、深圳市关爱行动组委会办公室,1
中国公路学会 等,3
中国关心下一代工作委员会健康体育发展中心,5
中国兵工学会 等,4
中国内衣模特大赛组委会,1
中国农业博物馆,1
中国农业博物馆 等,2
中国农业工程学会 等,2
中国农业机械学会 等,1
中国农业电影电视中心,1
中国农业电影电视协会（CCTV-7 农业频道） 等,1
中国农民丰收节组织指导委员会办公室、农民日报社,1
中国农民体育协会、中国旅游报社、中国农业出版社,1
中国农民体育协会联合中华全国体育总会群体部,1
中国出版协会 等,1
中国出版协会、中国新闻文化促进会、中国画报协会,1
中国出版协会装帧艺术工作委员会,1
中国出版集团 等,1
中国出版集团公司,1
中国创客协会、大数据发展部、教育部高等学校双创教学指导委员会、中国科技部创新专业联合会,2
中国创意同盟 等,1
中国创新创业大赛,1
中国创造学会,4
中国制冷空调工业协会,1
中国力学学会 等,2
中国力学学会、西安卫星测控中心宇航动力学国家重点实验室,1
中国包装联合会,6
中国包装联合会包装教育委员会 等,2
中国包装联合会设计专业委员会属下中南六省区包协设计委员会（广东省、广西区、湖南省、湖北省、海南省、河南省包协设计委员会）,1
中国化学学会 等,1
中国化学纤维工业协会 等,1
中国化工学会,5
中国化工学会 等,4
中国化工学会化学工程专业委员会,1
中国化工学会化学工程专业委员会主办,1
中国化工教育协会 等,2
中国区域科学协会城市管理专业委员会、全国城市管理专业教学指导委员会,1
中国华侨历史博物馆 等,1
中国华录集团 等,2
中国南方航空集团 等,1
中国南水北调集团新闻宣传中心 等,1
中国发明协会,1
中国可再生能源学会,2
中国台湾网 等,2
中国合作贸易企业协会,2
中国和平利用军工技术协会,5
中国唱片集团、团中央中国青年网、北京大学、迷笛音乐、QQ音乐,1
中国商业企业管理协会,1
中国商业会计学会,4
中国商业文化研究会,1
中国商业经济学会,3
中国商业经济学会教育培训分会,6
中国商业统计学会,2
中国商业统计学会 等,1
中国商业统计学会 ,1
中国商业联合会,21
中国商业联合会 等,2
中国围棋协会,1
中国国土经济学会,3
中国国土资源作家协会 等,1
中国国家地理,2
中国国际书画协会,1
中国国际公共关系协会,5
中国国际动漫游戏博览会组委会,1
中国国际动漫游戏博览会组委会 等,1
中国国际动漫节执委会办公室,2
中国国际友好联络会 等,1
中国国际商会,2
中国国际商会商业行业商会 丝绸之路国际合作工作委员会,3
中国国际商会商业行业商会丝绸之路国际合作工作委员会,6
中国国际大学生创新大赛,1
中国国际大数据产业博览会,1
中国国际大数据产业博览会组委会,2
中国国际数字经济博览会组委会,1
中国国际电子商务中心,1
中国国际科技促进会 青少年人工智能教育普及工作委员会,1
中国国际科技促进会中医药传承创新分会,1
中国国际科技促进会乡村振兴工作委员会,5
中国国际科技促进会物联网工作委员会,23
中国国际科技促进会物联网工作委员会 等,3
中国国际科技促进会物联网工作委员会、北京图象图形学学会、亚太地区大学生数学建模竞赛组委会,2
中国国际科技促进会综合素质与职业发展教育专业委员会,9
中国国际科技促进会综合素质与职业发展教育专业委员会 等,1
中国国际科技促进会青少年人工智能教育普及工作委员会,5
中国国际经济贸易仲裁委员会 等,2
中国国际经编设计大赛组委会,1
中国国际航空股份有限公司,1
中国国际象棋协会,1
中国国际象棋协会 等,1
中国国际贸易促进委员会商业行业委员会,1
中国国际贸易促进委员会商业行业委员会 等,4
中国国际贸易促进委员会商业行业委员会中国国际商会商业行业商会中国商业经济学会,1
中国国际贸易促进委员会建设行业分会 等,1
中国国际青少年动漫与新媒体创意大赛组委会,1
中国国际青年交流中心 等,1
中国国际面料设计大赛春夏赛季组委会,1
中国国际面料设计大赛秋冬赛季组委会,1
中国图书馆学会、中国新闻文化促进会、中国画报协会、杭州市委宣传部,1
中国图书馆学会阅读推广委员会,1
中国图像图形学学会 等,1
中国图学学会,4
中国图学学会制图技术专业委员会 等,1
中国图片社  中华人民共和国国史学会  中国外文局国际传播发展中心,1
中国图片社 等,1
中国图片集团 等,1
中国图象图形学学会,3
中国图象图形学学会（CSIG）,1
中国土木工程学会建筑市场与招标投标分会 等,1
中国土木工程学会教育工作委员会 等,3
中国地图出版集团（中国地图出版社）,1
中国地理信息产业协会  等,1
中国地理信息产业协会教育与科普工作委员会 等,1
中国地质图书馆(中国地质调查局地学文献中心)  等,1
中国地质大学（武汉）教务处,1
中国地质大学（武汉）教务处 等,1
中国地质学会 等,1
中国地质调查局、中国地质学会地质教育研究分会,1
中国地震台网中心 等,1
中国地震局地球物理研究所 等,1
中国城商联外研分会,7
中国城墙全球征春联组委会,1
中国城市商业网点建设管理联合会,2
中国城市商业网点建设管理联合会国际商务交流与外语研究分会,8
中国城市商业网点建设管理联合会国际商务交流与外语研究分会 等,1
中国城市商业网点建设管理联合会国际商务交流与外语研究分会(国家一级协会),1
中国城市商业网点建设管理联合会（国家一级协会） 等,1
中国城市科学研究会 等,1
中国城市规划学会乡村规划与建设分会,1
中国城市规划学会小城镇规划学术委员会 等,1
中国城市雕塑家协会 等,1
中国士木工程学会教育工作委员会 等,1
中国声谷,1
中国复合材料学会 等,1
中国复合材料工业协会 等,2
中国外文出版发行事业局,2
中国外文出版发行事业局 等,1
中国外文局,3
中国外文局 等,3
中国外文局CATTI项目管理中心 等,6
中国外文局CATTI项目管理中心、中国外文界,1
中国外文局亚太传播中心,6
中国外文局亚太传播中心 (人民中国杂志社、中国报道杂志社),2
中国外文局亚太传播中心 (人民中国杂志社、中国报道杂志社) 等,1
中国外文局亚太传播中心(人民中国杂志社、中国报道杂志社),1
中国外文局亚太传播中心（人民中国杂志社、中国报道杂志社）,29
中国外文局亚太传播中心（人民中国杂志社、中国报道杂志社） 等,2
中国外文局亚太传播中心（人民中国杂志社、中国报道杂志社）与日本科学协会、上海交通大学,1
中国外文局亚太传播中心（人民中国杂志社）,1
中国外文局人事部 等,10
中国外文局全国翻译专业资格（水平）考试（CATTI）项目管理中心,1
中国外文局对外传播研究中心 等,1
中国外文局教育培训中心,1
中国外文局海豚出版社,4
中国外文局翻译院,1
中国外文局翻译院 等,1
中国外语战略研究中心 等,1
中国大学生体育协会,32
中国大学生体育协会 中国国际象棋协会,1
中国大学生体育协会 等,1
中国大学生体育协会手球分会,1
中国大学生在线,2
中国大学生在线、文汇报、人民网、易班网、湖南教育电视台,1
中国大学生方程系列赛事主持人大赛,1
中国大学生服务外包创新创业大赛组委会,2
中国大学生电动方程式大赛组委会成员,1
中国大学生程序设计竞赛协会(筹),1
中国大学生计算机设计大赛组织委员会,6
中国大学生计算机设计大赛组织委员会宣传委员会,1
中国大数据网 等,2
中国天文学会,3
中国天文学会 等,1
中国天气网、《气象知识》杂志,1
中国天水·李杜诗歌奖,1
中国好创意暨全国数字艺术设计大赛组委会,3
中国好创意暨全国数字艺术设让大赛组织委员会,1
中国妇女网,1
中国婚姻家庭研究会 等,1
中国学位与研究生教育学会 等,6
中国学位与研究生教育学会、中国科协青少年科技中心,4
中国学术英语教学研究会、上海高校大学英语教学指导委员会和全国高校大学外语教育数字化联盟,1
中国宇航学会 等,1
中国宋庆龄基金会 等,1
中国宋庆龄基金会事业发展中心 等,1
中国宜兴环保科技工业园,1
中国室内装饰协会,2
中国室内装饰协会 等,1
中国室内装饰协会陈设艺术专业委员会,1
中国家具协会 等,1
中国家用电器研究院 等,1
中国家用纺织品行业协会 等,6
中国家电行业协会 等,2
中国密码学会,2
中国寓言文学研究会教育教学专业委员会,10
中国对外书刊出版发行中心（国际传播发展中心）、中央美术学院 、云南大学、云南省南亚东南亚区域国际传播中心、四川美术学院、泰国曼谷大学、老挝国立大学、柬埔寨金边皇家大学、缅甸福庆学校,1
中国对外翻译有限公司,14
中国对外贸易广州展览总公司 等,1
中国对外贸易经济合作企业协会,13
中国对外贸易经济合作企业协会 等,3
中国对外贸易经济合作企业协会商务英语专业工作委员会,7
中国对外贸易经济合作企业协会国际商务与语言服务工作委员会,4
中国对外贸易经济合作企业协会外经贸从业人员考试中心,3
中国对外贸易经济合作企业协会跨境电子商务工作委员会,3
中国对外贸易经济合作企业协会跨境电子商务工作委员会 等,1
中国工业与应用数学会,1
中国工业与应用数学会 等,1
中国工业与应用数学学会,16
中国工业与应用数学学会 等,5
中国工业与应用数学学会数学模型专业委员会 等,1
中国工业机械联合会,1
中国工业设计协会,1
中国工业设计协会                无锡市人民政府,1
中国工业设计协会 等,7
中国工商银行,4
中国工商银行、对外经济贸易大学,1
中国工商银行股份有限公司,1
中国工程机械工业协会,1
中国工程机械工业协会(CCMA),1
中国工艺美术协会 等,1
中国工艺美术学会 等,1
中国市场学会,1
中国市场学会、中国民营科技促进会,1
中国市场学会量化金融专业委员会,2
中国市场学会金融服务工作委员会,3
中国平安,2
中国广告主协会创新人才发展工作委员会,1
中国广告协会,4
中国广告协会、广告人杂志,1
中国广播影视培训网,1
中国广播影视培训网  等,2
中国广播影视培训网 等,4
中国广播电影电视社会组织联合会 等,2
中国康复医学会科学普及工作委员会 等,1
中国建筑业协会,1
中国建筑出版传媒有限公司 等,1
中国建筑出版传媒有限公司《建筑师》杂志社、广州市天作建筑规划设计有限公司、新加坡天作国际设计公司、哈尔滨工业大学(深圳)建筑学院,1
中国建筑卫生陶瓷协会,1
中国建筑学会,1
中国建筑学会 等,3
中国建筑学会室内设计分会,1
中国建筑学会室内设计分会（CIID）,1
中国建筑学会工业化建筑学术委员会 等,1
中国建筑学会暖通空调分会 等,3
中国建筑工业出版社《建筑师》杂志社 等,1
中国建筑教育协会、中国房地产策划师联谊会、中国房协经营管理委员会,1
中国建筑材料流通协会,1
中国建筑材料流通协会 等,1
中国建筑装饰协会,3
中国建筑装饰协会学术与教育委员会 等,1
中国建筑设计研究院有限公司 等,1
中国建筑金属结构协会、河南省钢结构协会,1
中国建设报社,1
中国建设教育协会,10
中国建设教育协会 中国城市科学研究会绿色建筑与节能专业委员会,1
中国建设教育协会 等,1
中国影视文化产业协会 等,1
中国徐霞客研究会 等,1
中国循环经济协会,2
中国心理学会心理学普及工作委员会 等,3
中国志愿服务联合会 等,2
中国慈善联合会,1
中国慈善联合会 等,1
中国慈善联合会、深圳市民政局,1
中国手绘艺术设计大赛组委会,1
中国扶贫基金会,1
中国扶贫基金会 等,5
中国技术创业协会企业市场融通工作委员会,6
中国技术创业协会技术创新工作委员会,1
中国技术创业协会校企融合专业委员会,1
中国技术创业协会校企融合专业委员会 等,1
中国技术创业协会留学人员创业园工作委员会,1
中国技术创业协会留学人员创业园联盟,1
中国报业协会 等,1
中国报道杂志社 等,1
中国指挥与控制学会,1
中国指挥与控制学会 等,1
中国插花花艺协会 等,1
中国摄影出版传媒有限责任公司（中国摄影出版社）,1
中国摄影出版传媒有限责任公司（中国摄影出版社）  等,1
中国摄影家协会,1
中国摄影家协会   等,1
中国摄影家协会 等,8
中国摄影报社,1
中国摄影报社 等,1
中国摄影报社与中国水利水电出版社,1
中国摄影网,1
中国政法大学光政辩协 等,1
中国政法大学教务处,2
中国政法大学教务处 等,1
中国政法大学教育基金会-蔡定剑宪法学教育基金,1
中国教育创新研究院,3
中国教育发展战略学会教育信息化专业委员会,1
中国教育后勤协会,1
中国教育学会,2
中国教育技术协会、科讯网世界有限公司,1
中国教育报,1
中国教育报、中国人民大学,1
中国教育电视台 等,2
中国教育装备行业协会后勤装备管理分会 等,1
中国教育部 等,2
中国散文学会 等,3
中国数学会,18
中国数学会、四川省数学会,1
中国数学会全国大学生数学竞赛工作组,1
中国数学会数学竞赛委员会,1
中国数学会普及工作委员会,8
中国数学学会,1
中国数学学会普及工作委员会,1
中国数学教育公益基金会（筹） 等,1
中国文化传媒集团,1
中国文化传媒集团有限公司 等,1
中国文化信息协会大众文化发展工作委员会 等,2
中国文化用品商品交易会,1
中国文字字体设计与研究中心 等,1
中国文学艺术界联合会、中国摄影家协会、厦门市人民政府,1
中国文学艺术界联合会、中国电视艺术家协会、中国传媒大学,1
中国文房四宝协会 等,1
中国文物交流中心 等,1
中国文物保护基金,1
中国文物保护基金会 等,1
中国文联 等,2
中国文艺评论家协会青年委员会 等,1
中国新闻周刊,1
中国新闻摄影学会、中共张掖市委、张掖市人民政府、五州传播中心,1
中国新闻社四川分社 等,1
中国新闻网 等,1
中国旅游协会,1
中国旅游协会旅游教育分会  中国共产主义青年团广州市南沙区委员会  南开大学旅游与服务学院  广州南沙旅游发展有限公司,1
中国旅游协会旅游教育分会  厦门大学  泉州市文化广电和旅游局  中共泉州市鲤城区委    泉州市鲤城区人民政府,1
中国旅游协会旅游教育分会  等,1
中国旅游协会旅游教育分会 等,4
中国旅游协会旅游教育分会/中国共产主义青年团广州市南沙区委员会/南开大学旅游与服务学院/广州南沙旅游发展有限公司,1
中国日报,1
中国日报社,6
中国日报社主办,1
中国普惠金融发展研究中心 等,1
中国智慧工程研究会职业教育专业委员会,10
中国智能制造挑战赛全国竞赛组委会,2
中国智能制造系统解决方案供应商联盟 等,1
中国服务贸易协会专家委员会 等,2
中国服务贸易协会国际交流工作委员会,1
中国服装协会 等,3
中国服装设计师协会    等,1
中国服装设计师协会 等,15
中国服装设计师协会、山东省归国华侨联合会、山东广播电视台、山东省服装设计协会,1
中国服装设计师协会、迪尚集团有限公司,1
中国未来研究会,2
中国未来研究会大数据与数学建模专业委员会 等,1
中国未来研究会大数据与数学模型专业委员会 等,3
中国机器人及人工智能大赛组委会,2
中国机器人运动工作委员会 等,1
中国机械工业联合会 等,2
中国机械工程学会,7
中国机械工程学会 等,7
中国机械工程学会塑性工程分会,1
中国机电一体化技术应用协会,4
中国材料研究学会 等,2
中国林业产业联合会 等,2
中国林学会,1
中国标准化协会 等,2
中国校园文学杂志社 等,1
中国模特之星大赛组委会,1
中国欧洲经济技术合作协会 等,2
中国欧洲经济技术合作协会一带一路经济文化委员会,1
中国欧洲经济技术合作协会一带一路经济文化委员会 等,2
中国欧洲经济技术合作协会一带一路经济文化工作委员会,3
中国毛纺织行业协会 等,1
中国民俗摄影协会,1
中国民族民间工艺美术家协会、大同市人民政府、山西中华文化促进会、山西省民间工艺美术家协会,1
中国民生银行,1
中国民航大学校团委 等,1
中国民航机场建设集团有限公司,3
中国水利教育协会 等,1
中国水利水电出版传媒集团 水利部宣传教育中心 水利部河湖保护中心 水利部水利风景区建设与管理领导小组办公室 中国宋庆龄青少年科技文化交流中心,1
中国水土保持学会,1
中国汽车工程协会 等,1
中国汽车工程学会,6
中国汽车工程学会 等,1
中国汽车工程学会汽车空气动力学分会 等,1
中国法学会,1
中国流行色协会,2
中国流行色协会 等,1
中国测绘地理信息学会 等,1
中国测绘学会,2
中国测绘学会 等,1
中国测绘学会教育工作委员会,1
中国海洋大学,2
中国海洋大学工程学院科技爱好者协会,4
中国海洋学会  等,1
中国涂料工业协会 等,1
中国涂料工业协会、中国贸促会建设行业分会、中国绿色建筑研究院,1
中国消费者报社 等,1
中国渔业互保协会 等,1
中国游戏产业研究院,2
中国游戏产业研究院社会价值研究中心；中国传媒大学动画与数字艺术学院；腾讯互妷社会价值研究中心；上海正向数字化技术研究院,1
中国演讲协会 等,1
中国激光产业社团联盟 等,1
中国灵山公益慈善促进会,1
中国灵山公益慈善促进会 等,1
中国煤炭学会,1
中国照明学会 等,1
中国照明电器协会 等,1
中国物品编码中心,2
中国物流与采购联合会,2
中国物流与采购联合会  等,1
中国物流与采购联合会 等,1
中国物流与采购联合会、中国物流学会,1
中国物流与采购联盟会,1
中国物流生产力促进中心,6
中国物联网产教融合联盟 等,2
中国玩具和婴童用品协会,1
中国玩具和婴童用品协会 等,3
中国环境报,2
中国环境报社,1
中国现场统计研究会,3
中国珠宝玉石首饰行业协会 等,2
中国珠宝玉石首饰行业协会、国土资源部珠宝玉石首饰管理中心、共青团中国地质大学（北京）委员会、中国地质大学（北京）学生会,1
中国生产力学会,1
中国生态学学会教育工作委员会 等,1
中国生态学学会生态学教育工作委员会,1
中国生态学学会生态学教育工作委员会 等,1
中国生态文化协会,1
中国生物医学工程学会,1
中国生物多样性保护与绿色发展基金会,1
中国生物多样性保护与绿色发展基金会 等,1
中国田径协会 等,5
中国电信 等,1
中国电信“爱游戏”、5秒轻游戏,1
中国电信上海公司,1
中国电信集团有限公司 等,1
中国电信集团有限公司科技创新部 等,1
中国电器工业协会 等,1
中国电器科学研究院股份有限公司,1
中国电子信息产业发展研究院,1
中国电子信息产业发展研究院 等,3
中国电子信息产业发展研究院、重庆飞象工业互联网有限公司,1
中国电子信息产业集团有限公司,1
中国电子信息行业联合会    等,1
中国电子信息行业联合会 等,2
中国电子商会 等,2
中国电子商务协会 等,4
中国电子学会,8
中国电子学会 等,2
中国电子学会现代教育技术分会,1
中国电子学会现代教育技术分会 等,1
中国电子工业标准化技术协会学术与科普工作委员会,1
中国电子技术标准化研究院,1
中国电子教育学会,1
中国电子视像行业协会,1
中国电子视像行业协会 等,2
中国电子质量管理协会 等,1
中国电工技术学会,6
中国电影家协会 等,2
中国电影家协会、北京电影学院、共青团中央网络影视中心,1
中国电影家协会、武汉市人民政府、北京电影学院,1
中国电影家协会、泰州市人民政府,1
中国电影美术学会服装造型艺术专业委员会 等,1
中国电机工程学会,3
中国电机工程学会电工数学专业委员会,1
中国电机工程学会电工数学专委会,1
中国电机工程学会电工数学专委会 等,1
中国电源学会 等,1
中国电视艺术家协会微视频（微电影）专业委员会 等,1
中国畜产品加工研究会,2
中国百货商业协会 等,1
中国皮革协会,1
中国皮革协会 等,2
中国知识产权报社,1
中国石油和化学工业,1
中国石油和化学工业联合会,2
中国石油和化学工业联合会 等,5
中国石油和化学工业联合会国际交流与外企委员会,1
中国石油大学理学院数学建模协会,1
中国石油大学（北京）,6
中国石油大学（北京）大学生科技创新行动计划管理委员会,1
中国石油大学（华东）教务处 等,4
中国石油大学（华东）数学建模协会,7
中国石油学会,1
中国石油学会 等,1
中国石油学会海洋石油分会 等,1
中国石油工程设计大赛组委会,1
中国石油工程设计大赛组织委员会,1
中国石油教育学会,1
中国矿业大大学乒羽协会,1
中国矿业大大学乒羽协会 等,2
中国矿业大学,2
中国矿业大学 等,1
中国矿业大学、东南大学、江苏省能源研究会,1
中国矿业大学乒羽协会,1
中国矿业大学信电学院新闻传播中心开展,1
中国矿业大学共青团委员会,1
中国矿业大学共青团委员会 等,1
中国矿业大学力学与土木工程学院创新协会,1
中国矿业大学力学与土木工程学院社团联合会活动事务部,1
中国矿业大学力学与建筑学院创新协会,1
中国矿业大学力学与建筑工程学院创新协会,1
中国矿业大学力建学院创新协会,3
中国矿业大学力建学院团委,1
中国矿业大学力建学院大学生心理自助中心,1
中国矿业大学力建学院数模协会,1
中国矿业大学团委 力建学院团委,1
中国矿业大学团委学生会 等,1
中国矿业大学外国语言文化系,1
中国矿业大学大学生科学技术协会 等,1
中国矿业大学教务部,1
中国矿业大学教务部 等,1
中国矿业大学数学学院,1
中国矿业大学数学学院团委,1
中国矿业大学数学建模协会,4
中国矿业大学数学建模协会 等,10
中国矿业大学未来建筑师协会,2
中国矿业大学机电学院青协、心理自助中心、思源社主办，资源、环测等学院青协,1
中国矿业大学校团委 等,2
中国矿业大学环测学院,1
中国矿业大学环测学院科协,2
中国矿业大学环测学院科协竞赛部,1
中国矿业大学科学技术协会,1
中国矿业大学银川学院,5
中国矿业大学银川学院化学工程系,1
中国矿物岩石地球化学学会、中国科学院地球化学研究所,1
中国研究生智慧城市技术与创意设计大赛组委会,1
中国硅酸盐学会 等,2
中国社会工作联合会,1
中国福利会 等,1
中国福利彩票,1
中国科协、天津市人民政府,1
中国科协、教育部、科技部、中国科学院、中国社科院、中国工程院、自然科学基金委、国家国防科工局,1
中国科协、教育部、科技部、环保部、体育总局、共青团中央、全国妇联、自然科学基金委员会 等,1
中国科协办公厅 等,1
中国科协智能制造学会联合体 等,1
中国科协科学技术传播中心 等,2
中国科协科普部 等,3
中国科协科普部、共青团中央学校部,1
中国科协航空发动机产学联合体 等,1
中国科学学与科技政策研究会,1
中国科学技术协会,1
中国科学技术协会 等,4
中国科学技术馆 等,2
中国科学报社,1
中国科学院,1
中国科学院 等,1
中国科学院上海微系统与信息技术研究所 等,1
中国科学院大学 等,1
中国科学院大学计算机与控制学院 等,1
中国科学院科学传播局 等,2
中国科学院软件研究所,1
中国科技新闻学会 等,1
中国科技部,1
中国科技部 等,1
中国科普作家协会 等,1
中国科普作家协会、科普中国发展服务中心,1
中国科普摄影大赛组委会,1
中国移动,1
中国移动 等,1
中国移动通信集团有限公司,2
中国管理现代化研究会决策模拟专业委员会,4
中国红丝带网,1
中国纪检监察杂志社 等,1
中国纪检监察杂志社、浙江省纪委省监委、浙江省教育厅、中国美术学院、余杭区委,1
中国纺织企业文化建设协会 等,2
中国纺织信息中心 等,2
中国纺织工业企业管理协会 等,2
中国纺织工业联合会 等,1
中国纺织工业联合会流通分会 等,2
中国纺织服装教育学会,2
中国纺织服装教育学会 等,3
中国经济传媒协会 中国新闻史学会应用新闻传播学研究委员会 北京工商大学,1
中国统计教育学会,4
中国统计教育学会 教育部高等学校统计学类专业教学指导委员会 全国应用统计专业学位研究生教育指导委员会,2
中国统计教育学会 等,5
中国统计教育学会、教育部高等学校统计学类专业教学指导委员会、全国应用统计专业学位研究生教育指导委员会,2
中国绿化基金会 等,1
中国绿色建筑与节能专业委员会,1
中国编辑学会,2
中国编辑学会 等,2
中国网络社会组织联合会、农业农村部信息中心、山西省委网信办、山西省农业农村厅,1
中国网络社会组织联合会、四川省委网信办、四川省农业农村厅,1
中国网络视听节目服务协会网络视听国际交流与传播工作委员会 等,1
中国美术学院,5
中国美术学院 浙江省美术家协会,1
中国美术学院 等,4
中国美术学院、浙江省美术家协会,1
中国美术家协会,2
中国美术家协会  等,1
中国美术家协会 等,3
中国美术家协会、河南省文学艺术界联合会、郑州市政协,1
中国美术家协会、菏泽市人民政府,1
中国美术家协会平面设计艺委会 等,1
中国美术家协会环境设计艺术委员会 等,1
中国羽毛球协会,1
中国羽绒寝具设计大赛组委会,1
中国羽绒服装设计大赛组委会,1
中国翻译协会,4
中国翻译协会 等,7
中国翻译协会、中国对外翻译出版有限公司,2
中国翻译协会、中国翻译研究院、当代中国与世界研究院与西安外国语大学联合主办，教育部中外语言交流合作中心支持，《中国翻译》杂志社、西安外国语大学高级翻译学院,1
中国翻译协会翻译服务委员会,1
中国职业技术教育学会信息化工作委员 等,1
中国职业模特大赛组委会,1
中国联合国协会 等,1
中国联合国采购促进会,1
中国联合工程有限公司,1
中国联合网络通信集团有限公司 中国通信摄影协会,1
中国自动化协会 等,1
中国自动化学会,9
中国自动化学会 等,6
中国自动化学会机器人竞赛工作委员会,1
中国自动化学会机器人竞赛工作委员会 等,1
中国自动化学会机器人竞赛工作委员会、RoboCup中国委员会,95
中国自动化学会综合智能交通专业委员会 等,2
中国自然资源作家协会,1
中国自行车协会,1
中国航天科工集团公司人力资源部 等,1
中国航天科工集团第三总体设计部 等,1
中国航天科技集团有限公司 等,1
中国航天科技集团有限公司、中国航天科工集团有限公司,1
中国航空学会,4
中国航空学会 等,5
中国航空学会制导、导航与控制分会 等,1
中国航空工业集团公司 等,1
中国航空工业集团有限公司 等,2
中国船舶工业系统工程研究院,1
中国艺术摄影学会、《中国摄影家》杂志社、广东省艺术摄影学会、中共深圳市光明区委宣传部、深圳市光明区,2
中国艺术教育促进会、汇龙艺术人才基地有限公司,1
中国艺术管理教育学会,1
中国苏州创博会组委会,1
中国苏州文化创意设计产业交易博览会组委会,1
中国英语外语教师协会（TEFL China） 等,2
中国草学会,1
中国蔬菜协会,2
中国西安国际原创动漫大赛组委会,1
中国西安第五届国际原创动漫大赛组委会,1
中国西部研究与发展促进会教育工作委员会,7
中国西部研究与发展促进会教育工作委员会 等,4
中国计算机协会 等,1
中国计算机学会,14
中国计算机学会 (CCF),1
中国计算机学会 等,1
中国计算机学会(CCF),1
中国计算机学会（CCF）,2
中国计量大学 现代科技学院,1
中国诗书画研究会陕西分会 等,1
中国诗歌学会,1
中国诗歌学会   等,1
中国诗歌学会 北京广播电视台,1
中国诗歌学会 等,5
中国诗歌学会、马鞍山李白诗歌节组委会,1
中国诗歌网 等,3
中国诗歌网浙江频道,1
中国语文报刊协会 等,1
中国语文报刊协会校园文化分会,4
中国语文报刊协会校园文化分会 等,1
中国语文报刊协会读写教学分会,1
中国语文现代化学会,1
中国象棋协会,1
中国财政学会,1
中国贸促会商业行业分会 等,1
中国贸促会商业行业委员会  中国国际商会商业行业商会  中国商业经济学会,1
中国贸促会商业行业委员会 等,1
中国贸促会建筑分会集成建筑委员会 等,1
中国赛艇协会 等,1
中国超级模特大赛组委会,1
中国足球协会,1
中国软件行业协会培训中心,2
中国轻工业联合会,2
中国轻工业联合会轻工业职业能力评价中心,1
中国辩论教育联络组、太平洋路德大学,1
中国运筹学会,2
中国通信企业协会 等,1
中国通信学会,4
中国通信学会 等,6
中国通信学会、中国电子学会,1
中国通信学会、江苏省物联网技术与应用协同创新中心,1
中国通信工业协会,2
中国造船工程学会 等,1
中国邮政,2
中国邮政集团有限公司,3
中国邮政集团有限公司林芝市分公司 等,1
中国邮政集团有限公司黑龙江省分公司 等,1
中国酒业协会,3
中国量化投资研究院 等,1
中国金属学会,1
中国金融期货交易所 等,6
中国金融期货交易所、中国期货业协会,1
中国银河证券 等,1
中国银河证券、Wind资讯,1
中国银行上海市分行,1
中国陕西省委网信办,1
中国陶瓷工业协会,1
中国陶瓷工业协会 等,1
中国陶瓷工业协会、广东石湾陶瓷博物馆、国际陶艺学会,1
中国隆林信息技术公司,1
中国集邮总公司 等,1
中国雕塑学会 等,2
中国青少年新媒体协会,1
中国青年创业就业基金会 等,7
中国青年创业就业基金会、中国石油大学（北京）、中国石油天然气集团有限公司、中国石油化工集团有限公司、中国海洋石油集团有限公司、中国高等教育学会,1
中国青年创业就业基金会、中国石油大学（北京）、中国石油天然气集团有限公司、中国石油化工集团有限公司、中国海洋石油集团有限公司、中国高等教育学会。,1
中国青年报•中青在线,1
中国青年报社 等,5
中国青年报社、中国移动咪咕动漫、魔屏漫画联合,1
中国青年科技工作者协会 等,2
中国非物质文化遗产保护中心,1
中国非物质文化遗产保护协会 等,1
中国风景园林学会,5
中国食品有限公司,1
中国食品科学技术学会 等,1
中国食品科学技术学会（CIFST）、美国加州杏仁商会（ABC）,1
中国食品科学技术学会（大陆组织方） 等,1
中国驻纽约总领馆 等,1
中国驻纽约总领馆文化组 等,1
中国高校创新创业教育联盟 等,1
中国高校招生研究会,1
中国高校数字建造联盟,1
中国高校数字技术大赛组委会,1
中国高校智能机器人创意大赛组委会,2
中国高校科技成果交易会组委会,1
中国高校金融数学联盟校,1
中国高等教育学会,5
中国高等教育学会 等,7
中国高等教育学会、中华中山文化交流协会、北京歌华传媒集团有限责任公司,1
中国高等教育学会、中国发明协会、中国教育技术协会,1
中国高等教育学会工程教育专业委员会 等,1
中国高等教育学会设计教育专业委员会 等,1
中国高等教育学会财经分会,1
中国高等教育学会高等财经教育分会,1
中国高等院校市场学研究会,1
中国高等院校市场学研究会 等,2
中国高等院校影视学会 等,3
中国（上海）自由贸易试验区临港新片区管理委员会 等,1
中国（寿光）国际蔬菜科技博览会,1
中国（杭州）女装节设计师创业大赛组委会,1
中国（浙江）畲族服饰设计大赛组委会,1
中国（深圳）创新创业国际大赛组委会,1
中国（虎门）国际童装网上设计大赛组委会,1
中国（青岛）国际时装周“即发杯”中国针织时装设计大赛组委会,1
中國科學文化發展出版社 等,1
中外语言文化比较学会,1
中央人民广播电台,1
中央人民广播电台、中国移动通信集团公司,1
中央军委装备发展部,1
中央宣传部 等,1
中央广播电视总台,5
中央广播电视总台2024年广播电视公益广告优秀文案有奖征集,1
中央广播电视总台广东总站、深圳市工业设计行业协会等,1
中央广播电视总台总经理室,1
中央广播电视总台新闻新媒体中心 等,1
中央广播电视总台非洲总站和浙江大学传媒与国际文化学院,1
中央文明办 等,1
中央民族大学新闻与传播学院 等,1
中央电视台,2
中央电视台新闻中心 等,1
中央精神文明建设办公室,1
中央网信办网络传播局 等,3
中央网信办网络社会工作局 等,2
中央网信办网评局、国务院国资委宣传局,1
中央网络安全和信息化领导小组办公室 等,1
中央美术学院,4
中央美术学院 等,1
中央财经大学“与世界对话”德育示范基地、中央财经大学政府管理学院、红叶国际关系学会,1
中央财经大学教务处,1
中央财经大学教务处 等,1
中央音乐学院,2
中宣部 等,1
中宣部宣教局 等,1
中山大学,1
中山大学中国语言文学系、广东省作家协会,1
中山大学旅游学院,1
中山市工业和信息化局,2
中山市文化广电旅游局 等,1
中文在线集团股份有限公司 等,1
中新天津生态城社会局 等,1
中智智慧科技有限公司,1
中欧国际工商学院,1
中科院深圳先进院&思为科技【元宇宙空间计算联合实验室】,1
中航国际 等,1
中航工业基础技术研究院 等,3
中译出版社,3
中诚信绿金,1
中钞印制技术研究院有限公司 等,1
中铁交通投资集团有限公司,1
中青在线 等,1
中非合作论坛中方后续行动委员会秘书处 等,1
中非合作论坛后续行动委员会秘书处、中国公共外交协会,1
临海市人民政府  等,1
丹东市文联 等,1
主办单位：中国外文局亚太传播中心 等,1
主办单位：中国外文局亚太传播中心（人民中国杂志社、中国报道杂志社）,1
主办单位：中国对外贸易经济合作企业协会外经贸从业人员考试中心,1
丽水市经济和信息化委员会 等,1
丽江市创建全国文明城市指挥部 等,1
义乌市人力资源和社会保障局,2
之江实验室 等,1
乌镇戏剧节,2
乐华娱乐,1
乐家Roca 等,1
乐山市经济和信息化委员会,1
乳山市委市政府 乳山市文化和旅游局,1
云南大学旅游文化学院,1
云南大学旅游文化学院信息科学与技术系,2
云南大学滇池学院,1
云南师范大学教务处,2
云南师范大学文理学院,1
云南省人民政府新闻办公室,1
云南省司法厅 等,1
云南省大学外语教学与考试指导委员会 等,1
云南省室内装饰协会 等,1
云南省教育厅,1
云南省消防救援局 等,1
云南省科学技术厅 等,1
云南省翻译工作者协会 等,1
互动百科,1
互联网应用创新开放平台联盟,9
互联网应用创新开放平台联盟 等,1
井冈山大学,1
亚太地区大学生数学建模竞赛组委会,4
亚太地区大学生数学建模竞赛组委会 等,1
亚太地区数学建模竞赛组委会,1
亚洲动物基金,1
亚洲协会（ Asia Society )中美对话 ( U.S.-China Dialogue ) 项目组与北京师范大学国际与比较教育研究院,1
亚洲发型化妆大赛组委会,1
亚洲园林协会 等,1
亚洲大学生体育联合会,1
亚洲微电影艺术节组委会 等,1
亚洲教育北京论坛  等,1
亚洲教育北京论坛 等,1
亚洲教育北京论坛、中国青年报社,1
亚洲模拟联合国大会,1
亚洲超级模特大赛组委会,1
亚洲超级计算机协会 等,3
亚马逊云科技,1
交叉学科数学建模学生论坛组委会,2
交通工程教学指导分委员会,1
交通运输部 等,1
京东,2
京东云 等,1
京东方科技集团股份有限公司,1
京东方科技集团股份有限公司（BOE）,1
京东电脑数码,1
京东金融,1
京津冀 MTI 教育联盟,1
人力资源和社会保障部 等,1
人力资源和社会保障部教育培训中心,1
人力资源社会保障部,3
人力资源社会保障部 等,4
人力资源社会保障部、农业农村部、贵州省人民政府,1
人民中国杂志社 等,1
人民日报,1
人民日报数字传播,1
人民日报海外网,1
人民日报社 等,2
人民日报社、教育部,1
人民日报社新媒体中心 等,1
人民网,1
人民网创业投资有限公司,1
今日头条 等,1
伍阖文化,1
众爱云支教,1
传媒大学教育基金会 等,1
住建部高等学校建筑电气与智能化学科专业指导委员会,1
住房和城乡建设部、联合国人居署、联合国环境署,1
住房城乡建设部智能建造工程技术创新中心,1
体育总局科教司,1
余杭区人民政府中国工业设计协会 等,1
佛山市人民政府,3
佛山市儿童活动中心,1
佛山高新技术产业开发区管理委员会,1
作家出版社有限公司 等,1
作家网 等,1
佳能,2
佳能（中国）有限公司,1
俄罗斯东欧中亚学院、教育部外指委俄语分委员会、中国俄语教学研究会、中国俄罗斯文学研究会,1
保乐力加中国,1
保洁,1
信息学院,1
信息安全与对抗技术竞赛组委会,1
信息工程学院团委,1
信息工程系 计算机协会,1
信息科学与工程学院,2
信息管理学院 等,1
信阳市住房和城乡建设局、中国建设贸促会乡建委员会、乡建网,1
修武县文广新局 等,1
儋州市及各市县旅文局,1
光华设计发展基金会创新创意专项基金和创途网主办 等,1
光合创业,1
光线传媒,1
光谷互联网+,1
光速文化传媒消费者在线网,1
光魔科技（深圳）有限公司,1
全 球 摄 影 网,2
全军军事建模竞赛秘书组,1
全国3D大赛组委会会 等,1
全国三维数字化创新设计大赛组委会,2
全国三维数字化创新设计大赛组委会 　　　　　国家制造业信息化培训中心 　　　　　中国图学学会 　　　　　国家两化融合创新推进联盟 　　　　　全国 3D技术推广服务与教育培训联盟 　　　　　北京光华设计发展基金会,1
全国三维数字化创新设计大赛组委会 等,1
全国会计专业学位研究生教育指导委员会,1
全国会计专业学位研究生教育指导委员会 等,1
全国体育运动学校联合会,1
全国体育院校体育产业创新创业服务平台,1
全国信标委软件与系统工程分技术委员会,1
全国博弈论与实验经济学研究会 等,1
全国反走私综合治理调查研究中心,1
全国各省、市、自治区标识行业协会,1
全国各省区市社科联,1
全国商务外语考试办公室 等,2
全国商务英语翻译项目考试办公室 等,1
全国大学生信用大使联盟,1
全国大学生创新创业实践大赛组委会,2
全国大学生包装与印刷创新设计大赛组委会,1
全国大学生化学实验创新设计大赛组委会,1
全国大学生广告艺术大赛北京赛区组委会,1
全国大学生广告艺术大赛组委会,4
全国大学生广告艺术大赛组委会 等,1
全国大学生手工作品创意赛组委会,1
全国大学生数学创新思维挑战赛组织委员会 等,1
全国大学生数学建模竞赛山西赛区组委会,1
全国大学生数学建模竞赛组委会,6
全国大学生数学建模竞赛组委会 等,1
全国大学生数学建模竞赛组织委员会,3
全国大学生数学建模竞赛辽宁赛区组委会,3
全国大学生数学建模组委会,2
全国大学生数学竞赛委员会,1
全国大学生数学竞赛工作组,1
全国大学生数据统计与分析竞赛组委会,2
全国大学生文学作品征文大赛组委会,1
全国大学生机器人大赛组委会,4
全国大学生机械创新设计大赛组委会,3
全国大学生机械创新设计大赛组委会 等,2
全国大学生生命科学竞赛委员会,3
全国大学生生命科学竞赛委员会 等,2
全国大学生生命科学竞赛委员会、高等学校国家级实验教学示范中心联席会 及《高校生物学教学研究（电子版）》杂志社,1
全国大学生生命科学竞赛由全国大学生生命科学竞赛委员会,1
全国大学生电子商务“创新、创意及创业”挑战赛竞赛组织委员会,1
全国大学生电子商务“创新、创意及创业”挑战赛竞赛组织委员会（简称三创赛组委会）,1
全国大学生电子设计竞赛江苏赛区组委会,1
全国大学生电子设计竞赛组委会,3
全国大学生等离子体科技创新竞赛 等,1
全国大学生结构设计竞赛委员会秘书处,1
全国大学生节能减排社会实践与科技竞赛委员会,1
全国大学生节能减排社会实践与科技竞赛委员会秘书处,1
全国大学生英语竞赛模拟比赛,1
全国大学生英语竞赛组委会,1
全国大学生英语竞赛组委会 等,1
全国大学生软件创新大赛组织委员会 等,4
全国妇联 等,2
全国妇联儿童工作部 等,1
全国工业设计一流专业建设协同创新平台 等,1
全国工业设计一流专业建设协同创新平台、广东省本科高校工业设计专业教学指导委员会,1
全国工商联纺织服装业商会 等,3
全国应用型人才综合技能大赛组委会,2
全国心系系列活动组委会办公室 等,1
全国总工会 等,1
全国扶贫宣传教育中心,1
全国插画双年展组委会 等,1
全国数字金融产教融合联盟,1
全国数独大赛组织委员会,1
全国服装辅料(钮扣)创意设计大赛组委会,1
全国电子商务产教融合创新联盟,1
全国电子商务产教融合创新联盟、西安交通大学,1
全国电子商务创新产教联盟,1
全国石油工程知识竞赛组委会 等,1
全国管理决策模拟大赛组委会,1
全国纺织服装信息研究会,1
全国纺织服装信息研究会 等,1
全国翻译专业学位研究生教育指导委员会  中国翻译协会对外传播翻译委员会  中国外文局翻译院,1
全国翻译专业学位研究生教育指导委员会 等,1
全国翻译专业学位研究生教育指导委员会、中国外文局翻译院,1
全国艺术专业学位研究生教育指导委员会 等,1
全国艺术院校图书馆协作委员会,1
全国节约用水办公室,1
全国英语口语测评大赛组委会,2
全国英语口语等级考试委员会 等,1
全国财经高校图书情报专业委员会,2
全国部分地区大学生物理竞赛,1
全国金融职业教育教学指导委员会,2
全国青少年冰心文学大赛组委会,1
全国青少年校园足球领导工作小组办公室 等,1
全国青少年生态文明教育中心,1
全国高校GIS技能大赛组委会,1
全国高校国产软件应用与设计创新大赛组委会,1
全国高校图书馆,2
全国高校校园网站联盟 等,1
全国高校毕业生服装设计大赛组委会,1
全国高校计算机教育研究会,1
全国高等学校实验物理教学研究会 等,1
全国高等学校建筑学学科专业指导委员会,4
全国高等学校测绘类专业竞赛联盟,1
全国高等学校计算机教育研究会,11
全国高等学校计算机教育研究会 oceanbase,1
全国高等学校计算机教育研究会 等,5
全国高等师范院校外语教学与研究协作组,2
全国高等师范院校外语教学与研究协作组 等,1
全国高等物理教育研究会,1
全国高等美术院校图书馆专业委员会,1
全国高等院校计算机基础教育研究会,25
全国高等院校计算机基础教育研究会 等,6
全心网络安全知识竞赛活动项目组,1
全志科技,1
全棉时代,1
全球华人营销联盟（GCMF） 等,1
全球摄影网,1
全球节能环保网,1
公益南京,1
兰州交通大学,1
兰州交通大学创新创业学院,1
兰州交通大学创新创业学院 等,2
兰州交通大学教务处 等,2
兰州信息科技学院,5
兰州信息科技学院数学建模工作室,1
兰州城市学院教务处,1
兰州现代职业学院计算机协会,1
共青团 等,1
共青团上海市委,1
共青团上海市委、上海市教育厅,1
共青团上海市委员会 共青团江苏省委员会 共青团浙江省委员会 共青团安徽省委员会,1
共青团上海市委员会 等,3
共青团东北师范大学委员会（由东北师范大学免费师范生协会承办）,1
共青团东南大学委员会,2
共青团中国人民大学委员会、中国人民大学商学院,1
共青团中国国际青年交流中心 等,1
共青团中国石油大学（华东）理学院委员会,2
共青团中国矿业大学团委 等,1
共青团中国矿业大学委员会,18
共青团中国矿业大学委员会                       共青团力学与建筑工程学院委员会,1
共青团中国矿业大学委员会  等,2
共青团中国矿业大学委员会 中国矿业大学社团联合会,1
共青团中国矿业大学委员会 共青团力学与土木工程学院委员会,1
共青团中国矿业大学委员会 共青团力学与建筑工程学院委员会 力建学院创新协会,1
共青团中国矿业大学委员会 等,71
共青团中国矿业大学委员会中国矿业大学大学生科学技术协会,1
共青团中国矿业大学委员会建筑与设计学院团委,1
共青团中央,4
共青团中央 工业和信息化部,1
共青团中央 等,20
共青团中央、人力资源社会保障部、农业农村部、商务部、国务院扶贫办、黑龙江省人民政府、江西省人民政府,1
共青团中央、人力资源社会保障部、农业农村部、商务部、国家卫生健康委、国家税务总局,1
共青团中央、教育部、中国科学技术协会、全国学联,2
共青团中央、教育部、人力资源社会保障部、中国科协、全国学联,1
共青团中央、教育部、人力资源社会保障部、中国科协、全国学联、陕西省人民政府,1
共青团中央、江西省人民政府,1
共青团中央学校部  等,1
共青团中央学校部 等,3
共青团中央学校部、亚洲微电影艺术节组委会、中国电视艺术家协会、中央新影集团、中国传媒大学、广东广播电视台,1
共青团中央学校部、全国学联秘书处、北京外国语大学,1
共青团中央学生部 等,1
共青团中央宣传部  等,1
共青团中央社会联络部、中国少年儿童新闻出版总社,1
共青团中央维护青少年权益部 等,1
共青团中央网络影视中心、咪咕视讯科技有限公司,2
共青团中央青年发展部,1
共青团中央青年发展部 等,3
共青团中央，中国科协，教育部，全国学联,1
共青团兰州大学委员会  兰州大学党委宣传部  兰州大学博物馆  兰州大学历史文化学院,1
共青团内蒙古财经大学委员会 等,2
共青团力学与土木工程学院委员会,1
共青团力学与建筑工程学院委员会,1
共青团北京大学委员会 等,1
共青团北京市委,2
共青团北京市委、北京市教育厅,1
共青团北京市委员会,1
共青团北京市委员会 等,2
共青团北华航天工业学院委员会,1
共青团华中科技大学委员会 华中科技大学大学生科学技术协会 华中科技大学学生会,2
共青团华中科技大学委员会 等,14
共青团华中科技大学委员会；华中科技大学学生会；华中科技大学科学技术协会,1
共青团南京市委员会  等,1
共青团南京航空航天大学委员会,5
共青团南京航空航天大学委员会 等,1
共青团南华大学委员会 等,1
共青团南昌航空大学科技学院委员会,3
共青团合肥工业大学委员会,1
共青团吉林省委员会、吉林省科协、吉林省教育厅、吉林省学生联合会,1
共青团哈尔滨工业大学委员会 等,2
共青团哈尔滨工业大学市政环境工程学院委员会 等,1
共青团哈尔滨工业大学航天学院委员会,1
共青团四川省委,1
共青团四川省委 等,1
共青团外交学院委员会,1
共青团大连海事大学委员会,1
共青团天津市委、天津市教育厅,1
共青团天津市委员会 等,1
共青团宁夏省委、宁夏自治区教育厅,1
共青团安徽省委员会 等,1
共青团安徽省委员会、安徽省青年联合会,1
共青团山东省委、山东省教育厅（中共山东省委教育工委）、山东省科学技术协会、山东省文化和旅游厅、山东省学生联合会,1
共青团山东省委、山东省科学技术协会、山东省教育厅、山东省科技厅、山东省学生联合会,1
共青团山西省委 等,1
共青团广东省委员会 等,6
共青团广东省委员会、广东省教育厅、广东省科学技术厅、广东省学生联合会,1
共青团广东省委员会、广东省教育厅、广东省科学技术厅、广东省科学技术协会、广东省学生联合会,1
共青团惠州学院委员会 惠州学院学生会,1
共青团惠州学院委员会 惠州学院学生会 等,1
共青团惠州学院委员会 等,5
共青团惠州学院委员会惠州学院学生会,2
共青团成都市委员会 等,1
共青团昆山市委员会 等,1
共青团杭州市委 等,1
共青团武汉大学委员会 等,1
共青团江西省委,2
共青团河南省委、河南省教育厅,1
共青团洛阳市委   等,1
共青团浙江省委 等,1
共青团海南省委 等,1
共青团清华大学委员会、清华大学继续教育学院和清华大学工会,1
共青团湖北省委,1
共青团湖北省委 等,4
共青团湖北省委员会 等,2
共青团湖北省委员会学校部 等,1
共青团湖南师范大学委员会 等,1
共青团湖南省委 等,4
共青团西北工业大学委员会,2
共青团西南交通大学委员会,1
共青团西南交通大学委员会 等,2
共青团贵州省委 等,1
共青团重庆大学委员会      重庆大学社联,1
共青团重庆大学委员会  重庆大学社联,1
共青团重庆市委,3
共青团重庆市委 等,1
共青团重庆市委、重庆市教育厅,1
共青团长春市委、 长春新区管理委员会 、长春市青年联合会,1
共青团长春市委员会 等,1
共青团长江大学委员会 等,1
共青团陕西省委 等,1
共青团陕西省委、陕西省委教育工委、省委教育工委、陕西省学联,1
共青团陕西省委、陕西省教育厅,1
共青团青海民族大学委员会,1
共青团青海省委、青海省教育厅,1
共青团黑龙江省委员会    黑龙江省教育厅    黑龙江省科学技术协会    黑龙江省学生联合会,1
共青教育研究院,1
兴业银行,1
兴业银行 等,1
兴业银行股份公司,1
兵团科技局 等,1
内蒙古农业大学教务处 等,1
内蒙古创新教育学会,4
内蒙古自治区党委宣传部 等,1
内蒙古自治区工业与应用数学学会,1
内蒙古自治区数学学会,4
内蒙古自治区数学学会   数学中国,1
内蒙古自治区数学学会 全球数学建模能力认证中心 中科院软件中心（Mathematica 技术与服务部） 第五维信息技术有限公司 数学中国网,1
内蒙古自治区数学学会 全球数学建模能力认证中心 中科院软件中心（Mathematica 技术与服务部） 第五维信息技术有限公司 数学中国网 等,1
内蒙古自治区数学学会 等,6
内蒙古自治区数学学会和全球建模能力认证中心  等,7
内蒙古自治区数学学会和全球数学建模能力认证中心,1
内蒙古自治区文化和旅游厅,1
内蒙古自治区旅游局,1
内蒙古自治区计算机学会 等,1
内蒙古蒙古族冬季服装服饰大赛组委会,1
内蒙古蒙牛乳业（集团）股份有限公司 等,1
内蒙古财经大学教务处,2
内蒙古财经大学教务处 等,9
农业农村部 等,1
农业农村部农村经济研究中心 等,1
农业农村部规划设计研究院,1
农夫山泉,1
农民日报社,1
冠状病毒引起的肺炎疫情的数学建模预测,1
凤凰出版传媒集团 等,1
凤凰金融,1
创不同,1
创业学院、信息管理学院,3
创业安徽行动领导小组办公室,1
创新创业中心   理学院,2
创新创业中心   等,2
创新创业中心 等,1
创新创业大赛组织委员会,1
创新创业学院,5
创新创业学院 等,3
创新创业学院、教务处,1
创新创业学院；教务处,2
创新协会创新实践部,1
创新实验学院、教务处,36
创新方法研究会 等,1
创新特区试验示范区（沈阳飞机设计研究所）,1
创行中国,1
力学与土木学院创新协会,1
力学与土木工程学院5·12大学生青年志愿者协会,1
力学与土木工程学院创新协会,4
力学与土木工程学院团委 等,1
力学与土木工程学院大学生科技创新协会,3
力学与土木工程学院社团联合会活动事务部,1
力学与建筑工程学院数模协会,1
力建学院创新协会,1
力建学院创新协会人事财务部,1
力建学院团委,1
力建学院团委 力建学院创新协会,1
加拿大艾伯塔省政府 等,1
勘探地球物理家学会（SEG） 等,1
化妆品+互联网创新创业联盟 等,2
北京东方国信科技股份有限公司,2
北京中关村高新技术企业协会,1
北京书香文雅图书文化有限公司,1
北京互动百科网络技术股份有限公司,2
北京交通发展研究院,1
北京交通大学ACM程序设计竞赛组委会,1
北京交通大学法学院,1
北京人才资源开发协会大学生就业创业专业委员会 等,1
北京人才资源开发协会大学生就业创业专委会 等,1
北京仲裁,1
北京信息技术应用创新工作委员会,1
北京信息科学与技术国家研究中心 等,1
北京信息科技大学,2
北京农学院,2
北京冬奥组委、中国文联,1
北京冬奥组委会,1
北京创业孵育协会,1
北京包装技术协会 等,1
北京包豪斯文化艺术院,1
北京包豪斯文化艺术院                       等,1
北京包豪斯文化艺术院 等,1
北京化工大学,1
北京化工大学、中国化工学会,1
北京医学奖励基金会,1
北京华宇软件股份有限公司 等,5
北京华宇软件股份有限公司、清华大学互联网司法研究院、中国移动通信集团,1
北京华融金盈投资发展有限公司,1
北京印刷学院 等,1
北京发明协会 等,2
北京商信舆科技有限公司,1
北京国际电子音乐节组委会 等,1
北京国际电影节,1
北京国际电影节组委会 等,1
北京国际设计周组委会办公室 等,3
北京国际风能大会暨展览会·组委会  等,1
北京图像图形学学会,4
北京图象图形学学会,5
北京图象图形学学会 等,7
北京图象图形学学会、亚太地区大学生数学建模竞赛组委会,1
北京外国语大学,4
北京外国语大学中国外语测评中心,2
北京外国语大学澳大利亚研究中心,1
北京大学 等,3
北京大学、清华大学、复旦大学、北京师范大学、华东师范大学、南京大学、南开大学、武汉大学、厦门大学、中山大学、浙江大学、中国人民大学、山东大学、上海戏剧学院全国十四所著名高校和萌芽杂志社,2
北京大学、百度公司,1
北京大学五四文学社 等,1
北京大学企业大数据研究中心 等,1
北京大学光华管理学院,2
北京大学国家发展研究院、21世纪报系、香港路劲集团,1
北京大学学生创新学社,1
北京大学新媒体研 究院社会化媒体研究中心 等,1
北京大学汇丰商学院、剑桥大学嘉治商学院,1
北京大学深圳研究院、清华大学深圳研究生院、中国金融风险量化研究协同创新中心、珠海市横琴新区金融服务中心,1
北京大学生电影节组委会,1
北京大学研究生会 等,1
北京大学科技协会,1
北京大学考古文博学院,1
北京大数据协会,2
北京大数据协会 等,1
北京天文馆,2
北京字节跳动公益基金会,1
北京工业大学ACM组委会,1
北京工商大学“零敏杯”电子商务创新创业大赛组委会,1
北京工商大学教务处,7
北京工商大学教务处 等,5
北京工商大学理学院,1
北京工程勘察设计行业协会,1
北京市东城区文化和旅游局、完美世界控股集团,1
北京市人力资源和社会保障局、北京市发展和改革委员会、北京市教育委员会等,1
北京市人民政府 等,1
北京市人民政府外事办公室,2
北京市可持续发展促进会 等,1
北京市商务局 等,1
北京市大数据中心,1
北京市天坛公园管理处,1
北京市委宣传部 等,1
北京市教委,2
北京市教委 等,2
北京市教委、天津市教委、山西省教育厅、河北省教育厅和内蒙自治区教育厅,1
北京市教育厅,4
北京市教育委员会,9
北京市教育委员会 天津市教育委员会  山西教育厅 内蒙古教育厅  河北省教育厅,1
北京市文化产业促进中心 等,1
北京市文化和旅游局,3
北京市文化和旅游局 等,1
北京市文学艺术界联合会 等,4
北京市文学艺术界联合会、北京电影学院,1
北京市文物局 等,4
北京市旅游委,1
北京市模拟联合国大会,1
北京市永源公益基金会 等,1
北京市法治宣传教育领导小组办公室 等,1
北京市海淀区中小学信息科技教育协会,1
北京市海淀区圆明园管理处,2
北京市游泳运动协会 等,1
北京市环保宣传中心,1
北京市环境保护局 等,2
北京市石景山区人民政府,1
北京市科学技术协会,6
北京市科学技术协会信息中心 中国科普作家协会,1
北京市科学技术委员会 等,1
北京市科学技术委员会、北京市总工会,1
北京市科学技术研究院科学技术协会,2
北京市经济和信息化委员会,1
北京市经济和信息化局 等,2
北京市节水用水管理事务中心,1
北京师范大学,6
北京师范大学 等,2
北京师范大学 联合国教科文组织教育信息技术研究所,1
北京师范大学教务处,1
北京师范大学珠海分校魔方社 等,1
北京师范大学社会发展与公共政策学院社会公益研究中心 等,1
北京广播电视台 等,1
北京时尚控股有限责任公司 等,1
北京时装周组委会,1
北京智源人工智能研究院,1
北京林业大学ACM爱好者协会,1
北京校苑教育科技有限公司 等,1
北京欢乐谷,1
北京民风礼仪文化促进会,2
北京永洪商智科技有限公司,1
北京物联网智能技术应用协会,1
北京猿圈科技 等,1
北京理工大学,1
北京理工大学智能车俱乐部,1
北京理工大学机电科创团,1
北京电子学会,2
北京电影学院,2
北京电影家协会,1
北京科技大学,3
北京科技大学教务处,4
北京科技大学教务处 等,5
北京科技大学自动化学院,1
北京科普发展与研究中心,1
北京立群建筑科学研究院,1
北京第二外国语学院,1
北京第二外国语学院学生处 等,1
北京精仪达盛科技有限公司,1
北京纯粹旅行有限公司,1
北京经开区管委会,1
北京经济技术开发区科技局,1
北京综合赋能科学技术中心,5
北京绿化基金会 等,1
北京绿色设计促进会 等,1
北京联云格科技有限公司,1
北京航天情报与信息研究所,1
北京航空航天大学士谔书院 等,1
北京航空航天大学工作部,2
北京菁华锐航科技有限公司,1
北京计算机学会 等,1
北京设计学会 等,1
北京语言大学文学院,1
北京达盛科技公司,1
北京邮电大学,1
北京邮电大学出版社,2
北京邮电大学桥牌社,1
北京金山办公软件股份有限公司,1
北京金山办公软件股份有限公司 等,2
北京金牌主播文化艺术中心,2
北京金牌主播文化艺术中心 等,2
北京高校创新创业综合服务平台,1
北华航天工业学院  计算机学院,1
北华航天工业学院教务处,26
北华航天工业学院教务处  等,1
北华航天工业学院教务处 等,1
北大科技园,1
北控水务集团,1
北方民族大学创新创业教育中心,1
北海职业学院电子信息工程学院,1
区政府,1
千龙网 等,1
华东地区数学建模联盟,1
华东师范大学 等,2
华东师范大学学生红十字会 等,1
华东政法大学,1
华东政法大学 等,1
华东政法大学研究生教育院,1
华东理工大学化工创新实践大赛组委会,1
华东理工大学微生物竞赛组委会,1
华东理工大学教务处,2
华东理工大学教务处 等,4
华东理工大学生物工程学院应用生物学系,1
华中农业大学imath数学协会,1
华中农业大学教务处  校团委,1
华中农业大学教务处 等,1
华中农业大学数学竞赛组委会,2
华中农业大学本科生院 等,1
华中地区模拟联合国大会,1
华中大科协,1
华中师范大学数学建模与应用协会,1
华中师范大学数学建模与数学应用协会,1
华中师范大学物理科学与技术学院团委,1
华中科技大学,4
华中科技大学 等,1
华中科技大学基建管理处 等,1
华中科技大学大学生科学技术协会 等,1
华中科技大学学生会,2
华中科技大学教务处,4
华中科技大学教务处 等,1
华中科技大学联创团队,1
华中科技大学联创团队 等,1
华为,5
华为云计算有限公司 等,1
华为公司,1
华为大学生无线基站“算法与建模”创新大赛组委会,1
华为开发者联盟,7
华为技术有限公司,5
华为技术有限公司 等,2
华为数字能源公司,1
华为数字能源研发招聘,1
华为终情 等,1
华北五省（市、自治区）教育厅（教委）,1
华北理工大学,1
华北理工大学教务处,3
华北理工大学数学建模协会 等,1
华北理工大学理学院 等,1
华南理工大学 等,2
华夏地理,1
华夏文化促进会,1
华夏文化促进会国医文化传承专业委员会,2
华夏文化促进会文化和科技融合工作委员会,4
华夏文化促进会素质教育委员会,8
华夏文化促进会素质教育委员会 等,2
华夏时报、羽贝纳传媒、英皇文化、格瓦拉、锋仕路传媒,1
华大集团 等,1
华晨宝马汽车有限公司,1
华润雪花啤酒,1
华润雪花啤酒(中国)有限公司、清华大学建筑学院,1
华润雪花啤酒（中国）有限公司,1
华润雪花啤酒（武汉）有限公司,1
华灿奖组委会,1
华硕电脑股份有限公司,1
华西都市报 等,1
协鑫集团 等,1
卓多姿,1
南京中医药大学数学建模协会,2
南京信息工程大学 等,1
南京大学,1
南京大学 等,1
南京大学中国新文学研究中心新诗研究所,1
南京大学校园电子设计大赛组委会,2
南京市人民政府,1
南京市农业委员会 等,1
南京市委宣传部 等,1
南京市委宣传部、南京市文明办、南京市市场监督管理局、南京市广播电视局、江北新区党工委宣传部,1
南京市建邺区图书馆,1
南京市栖霞区文化旅游局,1
南京市浦口区人力资源和社会保障局,1
南京市科学技术协会,1
南京市规划和自然资源局 等,1
南京市青年大学生创业工作领导小组办公室,1
南京师范大学国家社科重大招标课题《抗日老战士口述史资料抢救整理》课题组 等,1
南京江北图书馆,1
南京禄口国际机场 等,1
南京航空航天大学,1
南京航空航天大学 等,2
南京航空航天大学团委,1
南京航空航天大学团委 等,1
南京航空航天大学图书馆 等,1
南京航空航天大学教务处,3
南京航空航天大学教务处 等,5
南京航空航天大学教务处、研究生院、学生处、科技部、校团委,1
南京航空航天大学校团委 等,1
南京航空航天大学研究生院 等,1
南京航空航天大学航空宇航学院,1
南京航空航天大学计算机科学与技术学院,3
南京航空航天大学金城学院,1
南京艺术学院,2
南京论之语网络技术有限公司,1
南华大学教务处,1
南华大学机械工程学院,1
南宁市人力资源和社会保障局,1
南宁文学院(《红豆》杂志社) 等,1
南山区科学技术协会 等,1
南昌大学,1
南昌大学教务处,11
南昌大学教务处  等,1
南昌大学教务处 等,2
南昌市人民政府 等,1
南昌市委宣传部 等,1
南昌市文化广电新闻出版旅游局,1
南昌市文化广电旅游局,1
南昌航空大学科技学院信息电子学部总支部委员会 等,1
南航航空航天大学计算机科学与技术学院,1
南通大学教务处,1
南通市委 等,1
南通市委市政府,1
南风窗杂志社,1
博世公司,1
博德西奥国际建筑设计有限公司(BDCL)、北方工业大学(NCUT),1
博德西奥国际建筑设计有限公司（BDCL）  等,1
卡塔尼亚喜来登酒店及会议中心,1
卡萨帝,1
原国家食品药品监督管理总局新闻宣传中心 等,1
厦门华厦学院,1
厦门大学,2
厦门大学艺术学院 等,1
厦门市人力资源和社会保障局 等,1
厦门市人民政府,3
厦门市人民政府 等,2
厦门市工业和信息化局 等,2
厦门市建筑装饰协会 等,1
厦门市建设局,1
厦门市翔安区人民政府 等,1
厦门日报社,1
厦门日报社主办 等,1
厦门火炬高技术产业开发区人才服务中心 等,2
厦门经济和信息化局 等,1
厦门航空有限公司 等,1
古田县人民政府,1
可口可乐中国 等,1
台北市政府产业发展局,2
台湾大学 等,1
台湾工业总会 等,2
台湾省經濟部工業局,1
台湾艺术发展协会 等,1
司法部 等,1
合肥学院,1
合肥学院团委,1
合肥工业大学创新创业教育中心 等,1
合肥工业大学创新学院 等,1
合肥工业大学教务部创新创业教育中心 等,1
合肥市人民政府,1
合肥市学生联合会,1
合肥市数据资源局,1
合肥市经济与信息化委员会 等,1
吉他中国网,1
吉林大学法学院,1
吉林日报社（吉林日报报业集团）,1
吉林省工业和信息化厅 等,1
吉林省希望工程办公室 吉林省青少年发展基金会 吉林省社会信用体系建设促进会 吉林省中小微企业商会 长春万达影城,1
吉林省教育厅,4
吉林省模拟联合国大会,1
吉林省科学技术厅,1
吉林省科技厅,4
吉林省科技厅 等,1
吉首大学,1
吉首大学家界校区教科办,1
吉首大学张家界校区教科办,3
吉首大学教务处,12
吉首大学教务处 等,5
吉首大学教务处、数学与统计学院、数学科技创新与竞赛工作室,1
吉首大学教务处、生物资源与环境科学学院、生态环境保护创新工作室,1
吉首大学教务处，信息科学与工程学院,1
吉首大学科学创新与竞赛工作室和吉首大学医学院,1
同济大学,9
同济大学 等,1
同济大学创意设计学院 等,1
同济大学环境科学与工程学院,3
同济大学语言文字工作委员会 等,1
吕梁市读书协会,2
周大福,1
呼和浩特市文化旅游广电局,1
哇哈哈,1
哈佛大学中国经济史大数据研究项目组,1
哈尔滨剑桥学院,1
哈尔滨商业大学,2
哈尔滨工业大学交通学院,1
哈尔滨工业大学化工与化学学院,1
哈尔滨工业大学化工与化学学院团委,3
哈尔滨工业大学外国语学院大学英语第二教学部,1
哈尔滨工业大学学生工作处 等,1
哈尔滨工业大学市政环境工程学院学生工作办公室 等,1
哈尔滨工业大学市政环境工程学院环境科学与工程系 等,1
哈尔滨工业大学总务处 等,1
哈尔滨工业大学智能车创新俱乐部,1
哈尔滨工业大学机电学院,2
哈尔滨工业大学机电学院 等,1
哈尔滨工业大学机电学院团委,2
哈尔滨工业大学武装部,1
哈尔滨工业大学电信学院团委 学生会,1
哈尔滨工业大学电信学院团委 等,3
哈尔滨工业大学留学生中心,1
哈尔滨工业大学管理学院,1
哈尔滨工业大学能源学院,1
哈尔滨工业大学航天学院,1
哈尔滨工程大学,1
哈尔滨工程大学理学院工科数学教研部,1
哈尔滨市人力资源 等,1
哈尔滨市人力资源和社会保障局,2
哈尔滨市人才工作领导小组办公室 等,1
哈尔滨市翻译协会,2
哈尔滨市翻译协会 等,1
哈尔滨理工大学 等,1
哈工大机器人集团,1
唐山高校读书联盟,2
商务印书馆《英语世界》 杂志社,3
商务印书馆《英语世界》杂志社,19
喜年星（北京）文化传媒有限公司,1
嘉兴市文化广电新闻出版局,1
嘉峪关市人民政府,1
四川博新智数科技研究院,8
四川博新智数科技研究院 等,1
四川博新智数科技研究院（省级） 等,1
四川同算科技有限公司,1
四川大学,3
四川大学 教务处 等,1
四川大学体育舞蹈协会,1
四川大学力学竞赛组委会,1
四川大学外国语学院、教务处,1
四川大学大学生程序设计竞赛社团,1
四川大学工业工程协会,1
四川大学教务处,2
四川大学教务处 等,3
四川大学教务处、 四川大学外国语学院,1
四川大学教务处、商学院,1
四川大学教务处、建筑与环境学院和工程训练中心,1
四川大学材料科学与工程学院 等,1
四川工程职业技术学院数学建模团队,1
四川技能大赛,1
四川省人力资源和社会保障厅 等,2
四川省人力资源社会保障厅、四川省财政厅、四川省教育厅、四川省退役军人事务厅、四川团省委、四川省妇联、四川省残联,1
四川省作家协会 等,1
四川省大数据中心 等,1
四川省大数据中心、中共四川省委网络安全和信息化委员会办公室、四川省发展和改革委员会、四川省经济和信息化厅、四川省科学技术协会,1
四川省学生联合会,1
四川省工业经济联合会 等,1
四川省总工会 等,3
四川省摄影家协会,1
四川省教育厅,21
四川省教育厅 等,4
四川省文化产业发展促进中心 等,1
四川省文化厅,1
四川省林业和草原局 等,1
四川省生产力促进中心 等,1
四川省生产力促进中心协会,1
四川省科学学与科技政策研究会 等,2
四川省翻译协会,4
四川省翻译协会 等,1
四川省通信管理局 等,1
四川阿坝藏族羌族自治州人民政府 等,1
团中央学校部 等,2
团中央维护青少年权益部 等,1
团中央网络影视中心 等,1
团中央青年发展部,1
团委,11
团委、体育部、学生会,8
团委、学生会,4
团委、教务处,2
团委、模拟联合国,1
团委、研究生会,2
团省委 等,1
园冶杯组委会,2
园洲杯全国休闲服装设计大赛组委会,1
国三维数字化创新设计大赛组委会 等,1
国信优易数据有限公司 等,1
国务院学位委员会农林经济管理学科评议组 等,1
国家互联网信息办公室,1
国家互联网信息办公室 科学技术部 国务院国有资产监督管理委员会  国家发展和改革委员会 工业和信息化部 福建省人民政府,1
国家互联网信息办公室 等,1
国家互联网信息办公室、工业和信息化部、公安部、国家广播电视总局、厦门市人民政府,1
国家人口与健康科学数据共享服务平台,1
国家人口健康科学数据中心,3
国家体育总局,2
国家体育总局 等,1
国家体育总局、教育部、科技部,1
国家体育总局体育文化发展中心、江苏省体育局,1
国家体育总局冬季运动管理中心,1
国家体育总局冬季运动管理中心 等,2
国家体育总局射击射箭运动管理中心　　 等,1
国家体育总局棋牌运动管理中心 等,2
国家体育总局田径运动管理中心,1
国家体育总局社会体育指导中心,2
国家体育总局社会体育指导中心 等,1
国家体育总局篮球运动管理中心 等,1
国家信息中心 等,1
国家动漫游戏产业（四川）振兴基地 等,1
国家医疗器械产业技术创新联盟 等,1
国家医疗器械产业技术创新联盟暨医疗器械创新网,1
国家卫生健康委人口文化发展中心,1
国家卫生健康委办公厅,1
国家发展和改革委员会  等,1
国家发展改革委                   等,1
国家发展改革委宏观经济杂志社 等,1
国家发改委 等,1
国家地理中文网 等,1
国家外国专家局国外人才信息研究中心 等,1
国家大剧院,1
国家工业信息安全发展研究中心,1
国家工业和信息化部 等,1
国家工业设计研究院（生态设计领域）、中国国际贸易促进委员会商业行业委员会,1
国家市场监督管理总局,4
国家广播电视总局,1
国家广播电视总局 等,1
国家广播电视总局、北京市人民政府指导，中共北京市委宣传部、北京市广播电视局,1
国家广播电视总局办公厅,1
国家数据局,1
国家文物局 等,1
国家新能源技术创新中心,1
国家新闻出版广电总局 等,1
国家服务外包人力资源研究院联合全国商圈、全国高校,1
国家木质资源综合利用工程技术研究中心 等,1
国家林业和草原局,1
国家模具产品质量监督检验中心（广东） 等,1
国家民族事务委员会 等,1
国家气象中心（中央气象台） 等,1
国家测绘地理信息局职业技能鉴定指导中心 等,1
国家海洋局 等,2
国家海洋局、教育部、共青团中央、海军,1
国家海洋局宣传教育中心 等,2
国家海洋局宣传教育中心、中国海洋大学,1
国家版权局,1
国家知识产权局 等,2
国家科技基础条件平台中心,5
国家科技部 等,1
国家科技部、宁波市人民政府,1
国家税务总局,1
国家级大学物理课程虚拟教研室（中南大学）,1
国家级实验教学示范中心联席会物理学科组 等,1
国家自然科学基金委员会信息科学部、中国电子学会、清华大学,1
国家航天局,1
国家邮政局,2
国家陶瓷行业工业设计研究院 等,1
国家预警信息发布中心 等,1
国家食品药品监督管理总局新闻中心 等,1
国家高端装备与智能智造软件检测中心 等,1
国家高速列车青岛技术创新中心 等,1
国民技术,2
国泰航空有限公司,1
国防科工局 等,1
国防科技创新特区试验示范区沈阳工作站（沈阳飞机设计研究所）,1
国防科技工业空天防御创新中心 等,1
国际iCAN联合会 等,1
国际iCAN联盟 等,1
国际iF概念设计奖大赛组委会,1
国际公益短片大赛组委会,1
国际勘探地球物理家学会（SEG） 等,1
国际商业机器（中国）有限公司,2
国际商业领袖青年联合会,1
国际园林景观规划设计行业协会、中国建筑学会,1
国际大学生商学联合会 等,1
国际大学生物理竞赛组委会,1
国际大学生环保漫画插画大赛组委会,1
国际天文学联合会（IAU）天文教育办公室（OAE）,1
国际太阳能学会 等,3
国际奥林匹克委员会（IOC） 等,1
国际安全运输协会（ISTA） 等,1
国际建筑师公共卫生联盟组织（UIA-PHG） 等,1
国际建筑师协会（UIA） 等,5
国际数据委员会（CODATA） 等,1
国际标准化杰出贡献奖励基金会 等,1
国际植物学会和菌物学会,1
国际水中机器人联盟,1
国际泳装模特大赛组委会,1
国际竹藤中心,1
国际竹藤中心 等,1
国际竹藤组织 等,1
国际竹藤组织、国际竹藤中心、中国竹产业协会、福建省林业局、三明市人民政府,1
国际经济伦理研究中心（CIBE）,1
国际节能环保协会 等,1
国际英语外语教师协会中国英语外语教师协会,5
国际英语外语教师协会中国英语外语教师协会 等,6
国际英语外语教师协会中国英语外语教师协会（IATEFL·TEFL China）,1
国际钢铁协会,1
国际青年美术设计协会 等,1
国际青年能源与气候变化峰会,1
国际（澳门）学术研究院人工智能研究所,1
国际（澳门）学术研究院数学科学研究所 等,1
国青杯高校艺术设计作品展评组委会,2
國立台灣大學智慧機器人及自動化國際研究中心,1
國立臺北大學法律學系,1
土木学院创新协会,1
土木学院创新协会建环学部,3
土木工程学院大学生科技创新中心,1
城建集团 等,1
基准方中建筑设计有限公司,1
基础教学部,1
塔读小说,1
塔里木大学信息工程学院,3
塔里木大学大学教务处,1
塔里木大学教务处,6
塔里木大学数学建模协会,2
塔里木大学研究生处,1
墨西哥escuchamivoz海报国际大赛,1
墨西哥国际海报大赛 组委会,1
壳牌,3
壳牌（中国）有限公司,1
复旦大学,1
复旦大学创新创业学院,1
复旦大学教务处 等,1
复旦大学数学科学学院,10
复旦大学管理学院,1
复旦大学通识教育中心,1
外交学院,1
外交部领事司 等,1
外文学院大学生传媒中心海报部,1
外研社（外语教学与研究出版社） 等,2
外语教学与研究出版社,10
外语教学与研究出版社 等,6
外语教学与研究出版社 （外研社） 等,1
多校数学建模联赛组委会,1
多牛传媒集团 等,1
大同市人民政府、山西传媒学院（国家语言文字推广基地）,1
大国英才职业技能鉴定中心,1
大国英才职业鉴定中心,2
大学生互助社,1
大学生创新训练中心,1
大学生工程实践与创新能力大赛组委会,1
大学生新媒体运营技能飞跃计划训练营,1
大学生物理协会,1
大工创新实验学院,1
大广节学院奖组委会,1
大物实验中心 等,1
大疆,1
大美中国全国摄影大赛组委会,1
大自然保护协会,1
大赛下设组委会,1
大赛组委会,1
大赛组织委员会,1
大连东软信息学院,1
大连出版社 等,1
大连外国语大学 等,1
大连大学团委 等,1
大连市妇女联合会 等,1
大连市文化产业发展领导小组办公室 大连市公共文化服务中心 共青团大连市委员会,1
大连市智能汽车竞赛组委会,1
大连市科学技术局、大连理工大学,1
大连市计算机学会 等,6
大连理工创新实验学院,1
大连理工大学,1
大连理工大学创新实验学院,5
大连理工大学创新实验学院、共青团大连理工大学委员会、大连理工大学教务处、大连理工大学招生就业处、大连创业工坊,1
大连理工大学化工与环境生命学部,1
大连理工大学教务处,2
大连理工大学教学事务部,6
大连理工大学盘锦校区文法学院 等,2
大连理工大学软件学院 等,1
大陆集团,1
天使湾创投,3
天启智源数字媒体实验室 等,1
天地人环保协会,1
天娱传媒,1
天山文学奖评奖办公室,1
天府杯全国大学生数学建模竞赛组委会,2
天文科普工作协作组 等,1
天津医科大学教务处,2
天津国际设计周组委会,1
天津国际设计周设计竞赛,1
天津外国语大学职业发展协会,1
天津大学,2
天津大学建筑学院 等,1
天津工业大学校团委 等,1
天津市人社局 等,1
天津市体育局,1
天津市北辰区人民政府,1
天津市委网信办 等,1
天津市教育委员会,8
天津市教育委员会高等教育处,1
天津市文化和旅游局、天津市西青区人民政府,1
天津市旅游局,1
天津市未来与预测科学研究会,4
天津市未来与预测科学研究会 等,5
天津市模拟联合国大会,1
天津市滨海新区人力资源和社会保障局 等,1
天津市滨海新区人民政府,1
天津市礼仪行业协会 等,1
天津市精神文明建设委员会办公室 等,2
天津市设计学学会 等,1
天津市高新技术企业协会,1
天津礼仪行业协会,1
天津神界漫画有限公司,1
天津经济技术开发区团委,1
天津经济技术开发区科技创新局,1
天津经济技术开发区管委会 等,1
天津经济技术开发区（“TEDA”）,1
天津轻工职业技术学院网络技术社团,1
天空之城,1
天翼云杯”上海市大学生云计算应用大赛组委会,1
太原工业学院教务处,7
太原工业学院理学系,1
太原市委宣传部 等,1
央视融媒网·中国,3
奥雅设计之星大学生竞赛组委会,1
好丽友食品有限公司 等,1
好贷 等,1
好贷网,1
好贷网、数学中国、SAS（中国）、中国联通、拉卡拉、闪银、数信互融、慧信金安、法海风控、国政通等,1
威丝曼,1
威卢克斯集团、国际建筑师协会（UIA）和欧洲建筑教育协会（EAAE）,1
威海市人民政府 等,1
威海市文化和旅游局,1
威立雅集团,1
媒苑作坊工作室 等,1
孔子学院总部/国家汉办湖南省人民政府,1
字节跳动,1
学年奖design1881论坛,1
学校,1
学生工作部 等,3
学生工作部（处） 等,3
学生社团联合会,1
宁夏回族自治区教育厅,7
宁夏大学,2
宁夏大学 等,1
宁夏大学党委宣传部,1
宁夏大学创新创业学院,1
宁夏大学教务处,1
宁夏师范学院,1
宁夏教育厅,6
宁夏数学会,1
宁夏理工学院机械工程学院 等,1
宁德市委宣传部 等,2
宁波国际微电影节组委会,2
宁波市人民政府,1
宁波市人民政府 等,1
宁波市教育局 等,1
宁波市文化广电旅游局（文物局）  等,1
宁波市鄞州区人民政府 等,1
宁波银行,1
宁波银行股份有限公司,2
安康市文化和旅游广电局,1
安徽三联学院,1
安徽大学教务处,1
安徽工程大学体育运动委员会 等,1
安徽工程大学教务处 等,2
安徽师范大学数学建模协会 等,1
安徽师范大学环境与健康协会,1
安徽师范大学诗学研究中心 等,1
安徽广播电视台联合《诗刊》社,1
安徽建筑大学教务处 等,3
安徽建筑大学教务处、校团委,4
安徽建筑大学教务处（招生办、创新创业学院）,1
安徽建筑大学数学建模协会,1
安徽建筑大学数学建模协会 等,1
安徽文学艺术院,1
安徽文达信息工程学院营销协会,1
安徽水利水电职业技术学院基础教学部,1
安徽省体育局、上海市体育局、江苏省体育局、浙江省体育局、黄山市人民政府,1
安徽省发展和改革委员会 等,4
安徽省地震局  等,1
安徽省外国语言文学学会 等,1
安徽省妇女联合会 等,1
安徽省工业设计协会 等,1
安徽省市场监督管理局 等,2
安徽省扶贫办 等,1
安徽省摄影家协会、安徽省网络文艺传播中心、中安在线、中铁四局文化传媒分公司,1
安徽省教育厅,22
安徽省文化厅 等,1
安徽省文化和旅游厅,1
安徽省文化馆 等,1
安徽省文学艺术界联合会 等,2
安徽省旅游局,1
安徽省环境保护宣传教育中心 等,2
安徽省电影电视评论学会 等,1
安徽省知识产权局 等,3
安徽省科协 等,1
安徽省科学技术协会 等,1
安徽省经济和信息化委 等,1
安徽省经济和信息化委员会,1
安徽省经济和信息化委员会 等,1
安徽省翻译协会,2
安徽省翻译协会 等,1
安徽省高等学校图书情报工作委员会 等,2
安徽省高等学校计算机教育研究会,1
安永,4
安永咨询,1
安福县人民政府安福武功山管委会  等,1
安阳市人民政府,1
完美世界控股集团 等,1
完美动力集团,1
宜兴市人力资源和社会保障局 等,1
宜宾市人民政府,1
宣传部,1
宣城市人民政府,1
容艺传媒 等,1
对外经济大学主办、福汇集团,1
对外经济贸易大学保险学院,2
对外经济贸易大学国际经济伦理研究中心,1
对外经贸大学保险学院风险管理与保险学社,1
寻材问料®,1
小红书 等,1
小鱼网　  等,1
尼山世界儒学中心  等,1
山东农业大学,1
山东农业大学机电学院学生会,1
山东出版集团有限公司,1
山东大学,3
山东大学本科生院,1
山东大学（威海）玛珈诗社 等,1
山东工艺美术学院 等,2
山东教育社,1
山东数学会,9
山东文艺出版社 等,1
山东服装面料图案设计大赛组委会,1
山东理工大学学生会,1
山东理工大学数学建模爱好者协会,1
山东甲壳虫动漫科技有限公司,1
山东畜牧兽医职业学院团委学生工作处,1
山东省中小企业局,1
山东省互联网信息办公室 等,1
山东省人力资源和社会保障厅,1
山东省人力资源和社会保障厅 威海市人民政府,1
山东省人力资源和社会保障厅 等,1
山东省人力资源社会保障厅,1
山东省人民政府,3
山东省人民政府新闻办公室 等,1
山东省体育局,1
山东省体育局  山东省文化和旅游厅,1
山东省作家协会 等,1
山东省作家协会、菏泽市人民政府,1
山东省信息网络安全协会,1
山东省商务厅 等,1
山东省大学生数学竞赛组织委员会,1
山东省大数据局,2
山东省大数据局 等,2
山东省妇联,1
山东省委宣传部 等,1
山东省委组织部,1
山东省委网信办 等,2
山东省学生联合会,2
山东省工业和信息化厅 等,1
山东省市场监督管理局,1
山东省市场监管局 等,1
山东省广播电视局 等,1
山东省应用统计学会 等,2
山东省总工会 等,1
山东省总工会、中共山东省委网络安全和信息化委员会办公室、共青团山东省委、山东省科学技术协会、山东省科学技术厅、山东省工业和信息化厅、山东省人力资源和社会保障厅,1
山东省总工会山东省新旧动能转换综合试验区建设办公室 等,1
山东省摄影家协会 等,1
山东省教育厅,5
山东省教育厅 等,1
山东省教育厅高等教育处,1
山东省散文学会 等,1
山东省文化厅,1
山东省文化和旅游厅,2
山东省文化版权交易中心,1
山东省文学艺术界联合会,2
山东省文学艺术界联合会 等,2
山东省旅游发展委员会,1
山东省旅游推广中心 等,1
山东省漫画家协会 等,1
山东省科协 等,1
山东省科协、省教育厅、团省委、省发展改革委、省工业和信息化厅、省人力资源社会保障厅联合主办,1
山东省科学技术协会  济南市科学技术协会  中共山东省委高校工委  共青团山东省委员会,1
山东省科学技术协会 等,11
山东省科学技术协会、山东省工业和信息化厅、山东省教育厅、山东省科学技术厅、山东省文化和旅游厅,1
山东省科学技术协会、山东省教育厅、共青团山东省委员会、山东省发展和改革委员会、山东省工业和信息化厅、山东省人力资源和社会保障厅,1
山东省美术家协会 山东大学艺术学院,1
山东省美术家协会、山东大学艺术学院,1
山东省翻译协会,1
山东省老龄办,1
山东省计算机学会,1
山东省跳绳运动协会,1
山东科技大学 等,1
山东科技大学信息团委,2
山东科技大学信息学院新闻中心,1
山东科技大学共青团委员会,4
山东科技大学学生工作部 等,1
山东科技大学教务处 等,1
山东计算机学会,1
山东诗词学会 等,1
山西广播电视台经济与科技频道 等,1
山西省中小企业局 等,1
山西省公安厅交通管理局 等,1
山西省广告协会 等,1
山西省总工会 等,1
山西省摄影家协会,1
山西省教育厅,1
山西省教育厅 等,5
山西省文化创意产业研究会 等,1
山西省文化厅 等,1
山西省文化和旅游厅 等,2
山西省文化和旅游厅、山西省教育厅、山西省文物局、共青团山西省委,1
山西省模拟联合国大会,1
山西省电影家协会 等,1
山西省科学技术协会 等,1
山西省科学技术厅,1
山西省科技协会 等,1
山西省翻译协会  等,2
山西省翻译协会 等,4
山西财经大学,1
嵊州市人民政府 等,1
巢湖学院化学与材料工程学院团总支学生会,1
巢湖学院化材学院,1
巢湖学院教务处,1
巢湖学院教务处 等,1
巢湖学院旅游管理学院学生会,1
工业与信息化部/中国科学技术协会,1
工业互联网产业联盟,1
工业和信息化部,7
工业和信息化部 等,23
工业和信息化部、国务院国有资产监督管理委员会、中华全国工商业联合会、浙江省人民政府,1
工业和信息化部、教育部、江苏省人民政府,3
工业和信息化部、湖南省人民政府。,1
工业和信息化部、财政部,1
工业和信息化部人才交流中心,38
工业和信息化部人才交流中心 等,12
工业和信息化部人才交流中心、中国通信企业协会,2
工业和信息化部人才交流中心、教育部全国高等学校学生信息咨询与就业指导中心,1
工业和信息化部人才交流中心、未来设计师·全国高校数字艺术设计大赛组委会,1
工业和信息化部办公厅,3
工业和信息化部工业文化发展中心,10
工业和信息化部工业文化发展中心  等,1
工业和信息化部工业文化发展中心 等,6
工业和信息化部工业文化发展中心、中国工业设计协会,1
工业和信息化部教育与考试中心,2
工业和信息化部火炬高技术产业开发中心,1
工业和信息化部网络安全产业发展中心（工业和信息化部信息中心）,1
工业和信息化部软件与集成电路促进中心 等,1
工信部中国电子视像行业协会 等,3
工信部人才交流中心,3
工商银行,1
左衽中国／北京左衽服装设计工作室,1
巴斯夫 等,1
巴比松米勒庄园 等,1
巴黎银行,1
市委宣传部 等,1
市委宣传部、市文明办、市网信办、市发改委、市教育局、市科技局、市工信局、市财政局、市住建局、市商务局、市文广旅局、市市场监督管理局、市文联、苏州日报社、市广电总台,1
市委宣传部联合市文明办 等,1
市知识产权局 等,1
帆软软件有限公司,1
希尔顿集团 等,1
希望工程激励行动项目,1
常州大学,1
常州工学院创新创业学院 等,1
常州工学院理学院,1
常熟市文化广电新闻出版局,1
平凉市人力资源和社会保障局,1
平方创想教育科技（北京）有限公司  等,1
平面设计师考试中心,2
广东侨界人文学会 等,1
广东农工商职业技术学院计算机系,1
广东工业大学,1
广东工业大学建筑与城市规划学院科技实践活动创新中心 等,1
广东省中外传译教育研究院,5
广东省交通运输厅,1
广东省人力资源和社会保障厅,3
广东省人力资源和社会保障厅 等,3
广东省人民政府 阿里巴巴集团,1
广东省佛山市禅城区石湾镇街道宣传文体局 等,1
广东省公安厅 等,1
广东省农村信用社联合社,2
广东省国土空间生态修复协会 等,1
广东省妇女联合会 等,3
广东省委网信办 等,1
广东省家具协会,2
广东省家具协会 等,2
广东省工业与应用数学学会,1
广东省政务服务数据管理局 等,1
广东省教育厅,7
广东省教育厅、广东省人民防线建设领导小组办公室、广东省国家安全基金会,1
广东省教育厅办公室,1
广东省文化厅,1
广东省文化和旅游厅 等,1
广东省文化学会、广东省乡村发展协会、中共广州市白云区委宣传部、帽峰山省级森林公园发起，羊城晚报社、中共天河区委宣传部、中共韶关市武江区委宣传部、广东省文艺评论家协会、广东省电影家协会、广东视窗、广东省文化学会乡村振兴研究院,1
广东省文明办 等,1
广东省景区行业协会 等,1
广东省服装服饰行业协会 等,3
广东省本科高校机械基础课程教学指导委员会,1
广东省材料研究学会,1
广东省模拟联合国大会,1
广东省版权局,1
广东省物理学会,1
广东省珠海市,1
广东省生态环境厅、南方日报社,1
广东省生物医学工程学会、广州国际创新城、中山大学工学院,1
广东省皮肤性病防治中心,1
广东省科学技术协会  中共广东省委宣传部  广东省教育厅  广东省科学技术厅  广东省卫生健康委员会  广东省林业局  中国科学院广州分院  广东省科学院,1
广东省科学技术协会 等,1
广东省科学技术协会、广东省科学技术厅,1
广东省科学技术厅,2
广东省科学技术厅 等,1
广东省立中山图书馆 等,1
广东省经济和信息化委,1
广东省美术家协会漫画艺术委员会 等,1
广东省美术家协会设计艺委会 等,1
广东省计算数学学会,1
广东省计算数学学会 等,1
广东省计算机信息网络安全协会,1
广东省计算机学会,1
广东省计算机学会智能软件与机器人分会,1
广东省非物质文化遗产保护中心  中共越秀区委宣传部  广州美术学院工艺美术学院  广州市越秀区文化广电旅游体育局,1
广东省高等学校图书情报工作指导委员会,1
广东高校网络思想政治工作中心,1
广发基金管理有限公司,1
广发银行总行,1
广岛大学,1
广州信联智通实业股份有限公司蜂格研究院 等,1
广州创祎网络科技有限公司,2
广州图书馆,1
广州地区日语演讲大赛组委会,1
广州市人力资源和社会保障局,1
广州市人民政府,1
广州市国家保密局 等,1
广州市城管委,1
广州市林业和园林局 等,1
广州市番禺区人民政府,1
广州市番禺区人民政府 等,1
广州市番禺区委组织部 等,1
广州市番禺区委组织部、广州市番禺区科技工业商务和信息化局、广州大学城管理委员会、广州市番禺区委统战部、广州市番禺区委宣传部、共青团广州市番禺区委员会,1
广州市科学技术局,1
广州市维度酒店管理有限公司,1
广州市荔湾区人力资源和社会保障局、广州工控科技产业发展集团有限公司、广州立白企业集团有限公司,1
广州市青年就业创业服务中心,1
广州网乐广告有限公司,1
广州设计周组委会,1
广汉市人民政府 等,1
广汽研究院,1
广电总局 等,1
广电总局电影频道节目制作中心等,1
广西壮族自治区人力资源和社会保障厅 广西壮族自治区教育厅 广西壮族自治区工商业联合会,1
广西壮族自治区人力资源和社会保障厅 等,1
广西壮族自治区农业农村厅,1
广西壮族自治区博物馆 等,1
广西壮族自治区工业和信息化厅 柳州市人民政府,1
广西壮族自治区工商局,1
广西壮族自治区教育厅,1
广西壮族自治区文化和旅游厅,1
广西壮族自治区新闻出版局 等,2
广西大学数学建模协会,1
广西省数学学会,2
广西省自治区新闻出版局 等,1
广西科大,1
广西自治区教育厅,2
康乐及文化事务署 等,1
康腾实践中心,1
延安市旅游发展委员会,1
建筑材料工业技术监督研究中心,1
开平市人民政府,1
弈星棋牌社,1
张謇杯•中国国际家用纺织产品设计大赛组委会,1
当代设计师协会,1
彩虹巴士rainbowbus,1
影视剪辑师考试中心,1
影视剪辑考试中心,1
徐州市人力资源局和社会保障局,1
微软,2
微软 等,1
微软亚太研发集团,1
微软学生俱乐部,2
德勤,1
德勤中国,1
德化县陶瓷发展委员会,1
德国,1
德国国际自然电影节组委会 等,1
德国红点,2
德国著名设计协会Design Zentrum Nordrhein Westfalen,1
德纳展览有限公司,1
德邦证券,1
心电微读协会,1
怀化学院物理与信息工程系,2
思科网络技术学院理事会,1
恒生电子股份有限公司,1
恩施州博物馆,1
悦诗风吟,1
惠州学院教务处 等,1
惠州学院数学与统计学院数学建模俱乐部,1
惠普,1
慈溪市人民政府,2
慈溪市经信局 等,1
慧择控股,1
慧科培优 等,1
成都、绵阳、巴中、遂宁、乐山、德阳、甘孜、阿坝州、眉山、资阳十个城市文化广电新闻出版局,1
成都世运会,1
成都博物馆,1
成都市人才工作领导小组办公室,1
成都市人民政府,5
成都市人民政府 等,2
成都市文化广电旅游局,2
成都市文广旅局,1
成都市锦江区社会组织发展基金会 等,2
成都市高新技术产业开发区管理委员会,1
成都琛石科技有限公司,1
成都翻译协会,2
成都锦城学院 等,1
成都锦城学院土木与环境工程学院 等,1
成都飞机工业（集团）有限责任公司,1
成都高新区管委会,1
成飞校园俱乐部,1
我赢职场 等,1
扬子江航空,1
扬州市人力资源与社会保障局 等,1
扬州市委宣传部 等,1
扬州市生态科技新城管理委员会 等,1
拍拍贷智慧金融研究院,1
招商局地产控股股份有限公司 等,1
招商局慈善基金会 等,1
招生就业指导处 等,2
拜尔斯道夫（中国）集团,1
捷克共和国文化部，布拉格市政厅，City Quarter of Prague 5 and Gestor,1
掌上大学生,1
掌上大学生微信公众平台,1
掌阅科技 等,1
搜房网,1
搜星网 等,1
搜狗 等,6
携程云海竞赛组委会,1
携程旅行网,1
摄影世界杂志社 海峡两岸交流中心,1
攀枝花学院语委办,1
支付宝开放平台、支付宝小程序云,1
教 育部 、商务部 、无锡 市人 民政府,1
教务处,8
教务处   承办方：理学系,1
教务处 理学院,1
教务处 等,26
教务处、 理学院、大数据应用创新协会、 以升大学生创新实验中心,1
教务处、基础部,1
教务处、学生处、团委主办，理学院承办。竞赛设组委会,1
教务处、理学院,1
教务处、资源环境学院,1
教育部,3
教育部 国家语委,1
教育部 等,16
教育部、上海市人民政府,1
教育部、中央统战部、中央网信办、国家发展改革委、工业和信息化部、人力资源和社会保障部、农业农村部、中国科学院、中国工程院、国家知识产权局、国家乡村振兴局、共青团中央、天津市人民政府,1
教育部、中央统战部、中央网信办、国家发展改革委、工业和信息化部、人力资源社会保障部、农业 农村部、中国科学院、中国工程院、 国家知识产权局、国家乡村振兴局、共青团中央、上海市人民政府,1
教育部、中央统战部、中央网信办、国家发展改革委、工业和信息化部、人力资源社会保障部、农业农村部、中国科学院、中国工程院、国家知识产权局。 国家乡村振兴局、共青团中央、上海市人民政府,1
教育部、中央统战部、中央网络安全和信息化委 员会办公室、国家发展改革委、工业和信息化部、人力资源社会 保障部、农业农村部、中国科学院、中国工程院、国家知识产权 局、国务院扶贫开发领导小组办公室、共青团中央和广东省人民 政府,1
教育部、共青团中央、工信部人社部等,1
教育部、国务院等23个部门,114
教育部、国家语委,1
教育部全国高校教师网络培训中心,1
教育部制药工程专业教学指导分委员会、国际制药工程协会,1
教育部医学教育临床教学研究中心 等,3
教育部及有关部委 等,1
教育部国防教育办公室,1
教育部国际合作与交流司,1
教育部大学数学课程群虚拟教研室 等,3
教育部学位与研究生教育发展中心,2
教育部学位与研究生教育发展中心 等,11
教育部学位与研究生教育发展中心、中国科协青少年科技中心联合中国智慧城市产业技术创新战略联盟和数字音视频编解码 (AVS) 产业技术创新战略联盟,1
教育部学位与研究生教育发展中心（以下简称“学位中心”） 等,1
教育部学校规划建设发展中心,1
教育部工业设计专业教学指导分委员会,2
教育部思想政治工作司 等,4
教育部无机非金属材料专业教学指导委员会 等,1
教育部机械学科教学指导委员会,1
教育部理工科教学指导委员会(机械\电子\计算机) 等,1
教育部科学技术司 等,2
教育部科技发展中心,1
教育部科技发展中心 等,3
教育部科技司 等,1
教育部职业教育技术研究所 等,1
教育部自动化类教学指导委员会,1
教育部航空航天类专业教学指导委员会,1
教育部计算机科学与技术类教学指导委员会,1
教育部计算机类专业教学指导委员会,1
教育部计算机类教学指导委员会 等,1
教育部语言文字应用管理司 等,1
教育部青年发展署,1
教育部高校毕业生就业协会 等,1
教育部高校毕业生就业协会、启明星大学生创业分会和义乌电商智慧园区、西南交通大学招生就业处、大学生就业指导中心,1
教育部高校海洋科学类专业教学指导委员会 等,1
教育部高等学校仪器仪表专业教学指导委员会 等,1
教育部高等学校信息安全专业教学指导委员会,1
教育部高等学校信息安全类专业教学指导委员会,1
教育部高等学校公共管理类专业教学指导委员会,1
教育部高等学校创新方法教学指导委员 等,1
教育部高等学校力学基础课程教学指导分委员会、中国力学学会和周培源基金会,1
教育部高等学校力学教学指导委员会 等,1
教育部高等学校力学教学指导委员会力学基础课程教学指导分委员会 等,1
教育部高等学校动画、数字媒体专业教学指导委员会,2
教育部高等学校化工类专业教学指导委员会、华南理工大学,1
教育部高等学校大学外语教学指导委员会 等,1
教育部高等学校大学生物学课程教学指导委员会 等,1
教育部高等学校工业设计专业教学指导分委员会,2
教育部高等学校工业设计专业教学指导分委员会 等,5
教育部高等学校工程图学教学指导委员会 等,1
教育部高等学校工程图学课程教学指导委员会 等,2
教育部高等学校新闻传播学类专业教学指导委员会 等,4
教育部高等学校机械学科教学指导委员会,1
教育部高等学校材料类专业教学指导委员会,4
教育部高等学校材料类专业教学指导委员会主办,1
教育部高等学校物流类专业教学指导委员会  等,1
教育部高等学校生物医学工程类教学指导委员会,1
教育部高等学校电子信息类教学指导委员会,2
教育部高等学校电子商务专业教学指导委员会,1
教育部高等学校电子商务类专业教学指导委员会,1
教育部高等学校电气类专业教学指导委员会 等,2
教育部高等学校统计学类与业教学指导委员会 等,1
教育部高等学校统计学类专业教学指导委员会  等,1
教育部高等学校统计学类专业教学指导委员会 等,4
教育部高等学校网络空间安全专业教学指导委员会,1
教育部高等学校网络空间安全专业教学指导委员会 等,1
教育部高等学校能源动力类专业教学指导委员会 等,1
教育部高等学校自动化类专业教学指导分委员会 等,1
教育部高等学校自动化类专业教学指导委员会 等,7
教育部高等学校自动化类专业教育指导委员会,1
教育部高等学校计算机类专业教学指导委员会,3
教育部高等学校计算机类专业教学指导委员会 全国机械职业教育教学指导委员会 全国高等学校计算机教育研究会 中国电子学会,1
教育部高等学校计算机类专业教学指导委员会 等,13
教育部高等学校计算机类专业教学指导委员会、中国通信学会,1
教育部高等学校软件工程专业教学指导委员会,1
教育部高等教育司,6
教育部高等教育司 等,6
敦煌市人民政府、广东省广轻控股集团有限公司、福建省旅游发展集团有限公司、,1
数字中国建设峰会组委会,3
数字智能国际发展教育联盟,2
数学与大数据学院数学建模俱乐部,1
数学与统计学院,2
数学中国数学建模网络挑战赛组委会,2
数学中国网 等,1
数学周报社,3
数学学院团委学生会,1
数学家,1
数学家（原校苑数模）,2
数学建模,1
数学建模与数学应用协会,2
数学建模俱乐部,1
数学建模协会,4
数学建模国际赛组委会,1
数学建模组委会,2
数理学院,2
数理学院团委,1
文化乌镇 等,1
文化和旅游部恭王府博物馆 等,1
文化部文化产业司 等,1
文化部文化产业司、江苏省文化厅、苏州市人民政府,1
文化部非物质遗产司 等,1
文汇报,1
斯坦福大学中国指导性案例项目（CGCP）,1
斯科普里,2
新三板广州服务基地 等,1
新三板智库,1
新世家族,1
新东方,1
新丝路中国模特大赛组委会,1
新人杯全国大学生室内设计竞赛组委会,1
新加坡图文科学出版社 等,1
新华社中国图片社 等,1
新华社中国经济信息社,1
新华社新闻信息中心湖北中心,1
新华社音视频部 等,1
新华网,1
新媒体中国模特大赛组委会,1
新安人才网,1
新希望六和,1
新星出版社,1
新浪,1
新浪四川,1
新浪娱乐 等,1
新疆地区数学会或军队院校数学联席会,1
新疆大学,6
新疆大学数学建模协会,4
新疆大学校团委,2
新疆大学生数学竞赛组委会,7
新疆大学软件学院,1
新疆理工学院教务处,1
新疆维吾尔族自治区工业和信息化厅,1
新疆维吾尔自治区数学学会 等,1
新疆自治区模拟联合国大会,1
新能源汽车国家大数据联盟,6
新能源汽车国家大数据联盟 等,1
施耐德电气,4
无,2
无锡市,1
无锡市人力资源和社会保障局 等,1
无锡市人民政府,1
无锡市人民政府 等,1
无锡市科学技术局 等,1
日中交流研究所,1
日新工业株式会社,1
日本ASPaC事务局,1
日本外交部,1
旭辉集团,1
时报金犊奖组委会,2
旺旺中时传媒集团,1
旺旺中时媒体集团,5
昆山市人才工作领导小组 等,1
昆明城市学院,1
昆明市人民政府,3
昆明市工业和信息化局 等,1
昆明文化创意产业协会 等,1
明天协会,1
易班,1
星舰工业有限公司,1
星辰集团有限公司,1
晋江市人民政府 等,3
晨星成长计划,1
景宁畲族自治县文化和广电旅游体育局 等,1
景德镇市人民政府 等,2
景德镇市文化产业领导小组 等,1
晶泰科技(XtalPi),1
智能云穿戴技术研究院,1
暨南大学国际关系学院暨观国际关系学会,1
暨南大学新闻与传播学院,1
曲靖师范学院数学与统计学院,1
曲靖师范学院法律与公共管理学院,1
服务贸易协会国际交流工作委员会,2
未来设计师·全国艺术设计教师教学创新大赛组委会,1
本届大赛由山东省教育厅主办,1
机械学科教学指导委员会,2
李宁（中国）体育用品公司,1
材料与土木工程学院,1
杭州味全食品有限公司,1
杭州娃哈哈集团有限公司 等,1
杭州市人民政府,6
杭州市人民政府  等,1
杭州市人民政府 等,1
杭州市人民政府办公厅,1
杭州市公安局 等,2
杭州市卫生健康委,1
杭州市园林文物局,1
杭州市园林文物局 等,1
杭州市妇女联合会，萧山区人民政府,1
杭州市富阳区人民政府 等,1
杭州市政府 等,2
杭州市数据资源管理局 等,1
杭州市文化广电旅游局 等,2
杭州市旅游委员会,1
杭州市普法办 等,1
杭州市科学技术协会,1
杭州市科学技术协会 等,1
杭州市科学技术委员会（杭州市知识产权局） 等,1
杭州市精神文明建设指导委员会办公室,1
杭州文化广播电视集团,1
杭州电子科技大学helloworld社团,1
杭州跨境电子商务协会,2
杰士邦 等,1
松山湖（生态园）管理委员会,2
松阳县人民政府 等,1
极值学院,1
极值教研组,1
极目新闻（楚天都市报） 等,1
极链科技 等,1
林家铺子有限公司,1
林語堂故居,1
柳州市文化广电和旅游局,1
标志大赏组委会 等,1
校党委学生工作部和语言文字工作委员会,1
校党委宣传部&资源新闻中心宣传部,1
校团委,3
校团委 等,1
校导网 等,1
校苑数模,4
株式会社日本设计,1
根与牙办公室,1
根与芽,1
桂城街道文化站 等,1
桂林学院人文学院,1
桂林市旅游发展委员会 等,1
桂林电子科技大学教务处 等,1
桂林艺术节组委会、中央戏剧学院,1
梅州日报社 等,1
梅特勒•托利多有限公司,1
检察日报社与内蒙古自治区检察院 等,1
楚雄师院家教群,1
模拟联合国大会组委会,1
欧洲管理发展基金会,1
欧洲管理发展基金会（EFMD）,1
欧洲象棋联合会,1
欧莱雅,1
武当山旅游经济特区管委会文化和旅游局,1
武汉云树创新科技有限公司,1
武汉军运会执委会,1
武汉工业与应用数学学会,2
武汉市人民政府,2
武汉市委组织部 等,1
武汉市招才局 等,1
武汉市江岸区建设局 等,1
武汉市消防支队,1
武汉市科技局,1
武汉市经济和信息化局,1
武汉理工大学教务处,1
武汉理工大学校语言文字委员会 等,1
武汉科技大学科学技术发展院  等,1
武汉纺织大学 等,1
母基金研究中心,1
每日经济新闻,1
比亚迪,1
毕马威,3
民政部 中央广播电视总台,1
民政部 等,1
民族画报社,1
水利部河长办,1
水赛杯国际当代艺术大奖赛组委会 等,1
永州市冷水滩区人民政府,1
永康市人民政府,2
汇丰银行、麦肯锡,1
汉代海昏侯国遗址国家考古遗址公园 等,1
汉仪字库,1
汉仪字库网站,1
汉高,1
汕头大学 等,1
汕头大学长江艺术与设计学院,2
汕头市人民政府 等,1
汕头市龙湖区人民政府 等,1
江岸区人民政府、共青团武汉市委员会,1
江苏台铃车业科技有限公司北方营销中心,1
江苏建院建筑工程技术学院党总支分团委,4
江苏省中小企业局,1
江苏省交通运输厅 等,2
江苏省人力资源和社会保障厅,1
江苏省人力资源社会保障厅 等,1
江苏省人工智能学会,2
江苏省人工智能学会 等,6
江苏省人工智能学会（JSAI） 等,3
江苏省企业信息化协会 等,1
江苏省体育信息中心（江苏省体育文化中心）,1
江苏省体育局,2
江苏省体育总会,2
江苏省大学生知识竞赛组委会,2
江苏省大学生知识竞赛组织委员会 等,1
江苏省委宣传部 等,9
江苏省委宣传部、省科协、省文化和旅游厅、省广播电视局、团省委,1
江苏省委网信办,1
江苏省学位委员会办公室,1
江苏省工业与应用数学学会 等,10
江苏省工业与应用数学学会、中国矿业大学、徐州市工业与应用数学学会,1
江苏省工业和信息化厅,1
江苏省工业和信息化厅 等,3
江苏省工业设计协会 等,2
江苏省工业设计学会 等,1
江苏省教育厅,7
江苏省教育厅 等,2
江苏省文化和旅游厅 等,1
江苏省文学艺术界联合会,1
江苏省服装协会 等,1
江苏省模拟联合国大会,1
江苏省水利厅,1
江苏省测绘地理信息学会,1
江苏省淮安市淮安区文学艺术界联合会,1
江苏省理学1类研究生教育指导委员会,1
江苏省科学技术协会 等,1
江苏省科技厅 等,1
江苏省经济和信息化委员会 等,1
江苏省综合交通运输学会、江苏省教育厅,1
江苏省翻译协会,2
江苏省高校大学生物理及实验创新竞赛组织委员会,1
江苏省高等学校图书馆情报工作委员会,1
江苏省高等教育学会高校保卫学研究委员会,1
江苏科技大学苏州理工学院,3
江苏科技大学苏州理工学院教务,1
江苏青昀新材料有限公司,1
江苏高科技投资集团 等,1
江西工程学院正大杯市场调查分析大赛组委会 等,1
江西省书法家协会,1
江西省人民政府金融办公室 等,1
江西省博物馆,1
江西省发展和改革委 等,1
江西省商务厅、江西省教育厅,1
江西省团省委、江西省非公办、江西省人社厅、江西省教育厅、江西省工信厅、江西省商务厅、江西省科技厅、江西省文旅厅、江西省农业农村厅、江西省市场监督管理局、江西省工商联、江西省科协、鹰潭市人民政府、赣州市人民政府、宜春市人民政府、抚州市人民政府。,1
江西省大数据中心,1
江西省大数据中心宜春市大数据发展管理局,1
江西省工业和信息化厅 等,1
江西省工业和信息化委员会 等,1
江西省教育厅,1
江西省教育厅 等,1
江西省模拟联合国大会,1
江西省科学技术协会 等,1
江西省科学技术厅 等,1
江西省第十六届运动会九江市筹备工作委员会,1
江西省诗词学会辞赋专业委员会 等,1
江西省赣州市委宣传部 等,1
江西财经大学,4
江西财经大学创业学院 等,2
江西财经大学创业学院、信息管理学院,1
江西财经大学创业学院，信息管理学院,1
江西财经大学创业教育学院 等,1
江门市人民政府,1
江门市工业和信息化局,2
江门市工业和信息化局 等,1
汽车之家,2
汽车电子产业联盟 等,1
汽车电子产业联盟、赛迪传媒,1
沈阳农业大学,1
沈阳农业大学教务处、理学院,2
沈阳工业大学电气工程学院,1
沈阳工程学院,2
沈阳工程学院基础教学部,8
沈阳市人民政府 等,1
沈阳市作家协会,1
沈阳市文化广电新闻出版局,1
沈阳市文化旅游和广播电视局,1
沈阳市生产力促进中心,1
沈阳市科协,1
沈阳市精神文明建设指导委员会办公室,1
沈阳建筑大学,2
沈阳建筑大学教务处、外国语学院,1
沈阳建筑大学材料学院,1
沈阳理工大学社团联合会,1
沈飞校企俱乐部,1
沪江技术沙龙,1
河北农业大学,1
河北工业大学,1
河北日报报业集团,1
河北省交通运输厅,1
河北省人民政府,1
河北省传统文化促进会 等,1
河北省住房和城乡建设厅 等,2
河北省体育局,1
河北省作家协会 等,1
河北省农业厅,1
河北省委宣传部 等,2
河北省委网信办 等,1
河北省工业和信息化厅,1
河北省市场监督管理局,1
河北省市场监督管理局 等,1
河北省政务服务管理办公室联合中国建设银行河北省分行 等,1
河北省教育厅,1
河北省文化厅,2
河北省文化和旅游厅 等,1
河北省文物局,1
河北省新闻出版广电局,1
河北省旅游委,1
河北省消防救援总队,1
河北省现场统计学会,1
河北省现场统计学会 等,2
河北省理学研究生教育指导委员会,1
河北省知识产权局 等,1
河北省科学技术厅  唐山市人民政府,1
河北省科学技术厅 等,2
河北省翻译学会,2
河北省莎士比亚学会,1
河北省青年美术家协会,1
河北省高等学校图书情报工作委员会,1
河北省高等学校经济学教学指导委员会 等,4
河北科技大学 等,1
河北科技师范学院数学与信息科技学院,1
河北经贸大学  等,2
河北野人体育文化传播有限公司,1
河南博物馆,1
河南大学非物质文化遗产研究中心,1
河南广播电视台,1
河南徐辉建筑工程设计有限公司 等,1
河南省书法家协会 等,1
河南省保险行业协会,1
河南省大中专毕业生就业促进会 等,1
河南省委网信办 等,1
河南省工程建设协会 等,1
河南省摄影家协会,2
河南省教育厅,1
河南省教育厅 等,2
河南省文化厅,1
河南省文化厅 等,1
河南省文学艺术界联合会 等,1
河南省文旅厅 等,1
河南省文联、中原出版传媒集团、河南广播电视台、郑州市委宣传部,1
河南省民营企业信用发展基金会,1
河南省漫画家协会 等,1
河南省生态环境厅、河南省文联,1
河南省美术家协会,1
河南省翻译协会,2
河南省计算机学会,1
河南科技学院团委 等,5
河南科技学院数学科学学院,1
河南科技学院数学科学学院 等,1
河海大学文天学院教务处基础部 等,2
河西学院,4
河西学院教务处,6
泉州市文化广电和旅游局,1
法制日报社 等,1
泛珠江三角地区模拟联合国大会,1
泛长三角地区模拟联合国大会,1
波兰华沙国际海报双年展组委会,1
注册估值分析师协会（CNCVA）,1
泰安市人民政府,1
泰安市新型工业化强市建设推进委员会办公室 中共泰安市委人才工作领导小组办公室 泰安市人力资源和社会保障局           泰安市教育局 泰安市人民政府国有资产监督管理委员会 共青团泰安市委 承办单位： 泰安市公共就业和人才服务中心 泰山人力资源服务产业园 山东华普亿方教育科技有限公司,1
泰山科技学院,3
泰山科技学院、山东省电子竞技运动协会,1
泰州市人民政府,1
泰达,1
泰隆银行,1
洋其乐教育中心 等,1
洛阳市人民政府,3
洛阳市涧西区人民政府,1
洞见研报 等,1
洪山区人民政府、腾讯科技(深圳)有限公司,1
济南市人力资源和社会保障局 等,1
济南市政府,1
济南陌讯信息科技有限公司,1
济宁市文联、济宁晚报社、济宁市作家协会、济宁市青年作家协会、《鲁艺》杂志社,1
浙江传媒学院 等,1
浙江农林大学信息工程学院,2
浙江农林大学教务处,2
浙江农林大学教务处 等,1
浙江农林大学现代教育技术中心,1
浙江农林大学经济管理学院,1
浙江农林大学集贤学院 等,1
浙江在线新闻网站有限公司 等,1
浙江外国语学院,1
浙江外国语学院教务处,1
浙江大学,1
浙江大学 等,1
浙江大学人文学部,1
浙江大学传媒与国际文化学院 等,2
浙江大学创新创业学院 等,1
浙江大学工程师学院互联网金融分院,2
浙江大学工程师学院互联网金融分院（School of Internet Finance）,1
浙江大学新闻传播学系 等,1
浙江大学管理学院 等,1
浙江工业大学教务处,1
浙江工业职业技术学院教务处,1
浙江工业职业技术学院竞赛组委会,1
浙江广播电视集团 等,1
浙江教育出版社 等,1
浙江日报报业集团,1
浙江海洋大学海洋工程装备学院 等,1
浙江电视台少儿频道、浙江省学生联合会秘书处,1
浙江省人才发展集团,1
浙江省人民政府,1
浙江省作家协会、绍兴市纪委市监委、绍兴市委宣传部,1
浙江省公安厅宣传处 等,1
浙江省创意设计协会,7
浙江省创意设计协会 等,1
浙江省勘察设计行业协会 等,1
浙江省地震局 浙江传媒学院 浙江省科学技术协会 浙江省漫画家协会 浙江省动漫产业学会,1
浙江省大学生“两学一做”知识竞赛组委会,1
浙江省大学生创新创业大赛组委会,1
浙江省大学生科技创新竞赛委员会,1
浙江省大学生科技创新竞赛委员会（浙江省教育厅） 等,1
浙江省大学生科技竞赛委员会,26
浙江省大学生科技竞赛委员会 等,2
浙江省大学生证券投资竞赛委员会、浙江财经大学,1
浙江省大数据发展管理局 等,2
浙江省委宣传部 等,1
浙江省安吉县人民政府 等,2
浙江省工业经济联合会 等,1
浙江省工业设计技术创新服务平台 等,2
浙江省广告协会,1
浙江省应用数学研究会,1
浙江省应用数学研究会 等,2
浙江省摄影艺术学会 等,1
浙江省教委,1
浙江省教育厅,21
浙江省教育厅         浙江省经济和信息化委员会,1
浙江省教育厅  浙江省大学生科技竞赛委员会,1
浙江省教育厅 浙江省大学生科技竞赛委员会,1
浙江省教育厅 等,10
浙江省教育厅、浙江省商务厅 等,1
浙江省教育厅、浙江省经济和信息化委员会,1
浙江省教育厅浙江省大学生科技竞赛委员会,1
浙江省教育厅高教处,2
浙江省数学会,6
浙江省文化厅 等,1
浙江省文化和旅游厅,1
浙江省文化和旅游厅 等,1
浙江省文明办 等,1
浙江省文联 等,1
浙江省新闻出版广电局 等,1
浙江省旅游信息中心 等,1
浙江省旅游局 等,1
浙江省海洋知识创新竞赛组委会,1
浙江省环境科学学会 等,1
浙江省电子产品设计与制作技能竞赛组委会,1
浙江省电子商务促进会 等,1
浙江省科学技术厅 等,2
浙江省绍兴市上虞区e游小镇管理委员会,1
浙江省老子研究会,3
浙江省自然资源厅 等,1
浙江省西塘旅游文化发展有限公司,1
浙江省计算机信息系统安全技术专业委员会、浙江省计算机应用与教育学会,1
浙江省高等学校化学类与化工制药类专业教学指导委员会 等,1
浙江省高职院校技能大赛,1
浙江省高职院校省级技能大赛,1
浙江绍兴市上虞区人民政府,1
浙江越秀外国语学院,1
浦东创业园区,1
浪潮俱乐部全国社群总部,1
海南大学,2
海南省人力资源和社会保障厅 等,1
海南省人力资源社会保障厅 等,1
海南省工业和信息化厅,2
海南省政府,1
海南省教育厅 等,1
海南省旅游商品与装备协会,1
海南省服装协会 海南省服装设计师协会 海南省美术家协会,1
海南省科技厅,1
海南省美术家协会 等,1
海南省节能减排协会,1
海南省道教协会 等,1
海南自贸港国际青年模拟联合国大会组织委员会,1
海口国家高新区发展控股有限公司,1
海口市委宣传部,1
海口龙华初晓行网络科技工作室,2
海尔,1
海尔数字科技（南京）有限公司（全国选拔赛）,1
海尔空调产业,1
海峡两岸中华摄影奖组委会,1
海峡两岸交流促进会 等,2
海星游艇集团,1
海沧区委宣传部 等,1
海海事大学、中国工业设计研究院、恰尔思实业（上海）有限公司、上海红双喜游艇有限公司、江苏米兰船业科创发展有限公司,1
海淀区中小学信息科技教育协会,1
海航集团,1
海螺邦星空创作站,1
淄博市博山镇人民政府 等,1
淄博市文明办 等,1
淄博职业学院教务处,1
淮南师范学院学科与技能竞赛办公室,1
淮南师范学院教务处 等,1
深信服科技股份有限公司,1
深圳东方设计产业研究院、数字设计研究所,1
深圳供电局有限公司 等,1
深圳博物馆 等,1
深圳原创设计时装周组委会,1
深圳国人在线信息技术有限公司,1
深圳国家基因库 等,1
深圳国家基因库、鹏城实验室、深圳华大生命科学研究院,1
深圳国际海报节组委会,1
深圳大学,1
深圳大学外国语学院 等,1
深圳大学微众金融科技学院 等,2
深圳市人力资源和社会保障局,1
深圳市人力资源和社会保障局 深圳市教育局 共青团深圳市委员会 深圳市人民政府港澳事务办公室 香港城市大学,2
深圳市人力资源和社会保障局 等,2
深圳市人民政府,1
深圳市人民政府 等,1
深圳市人民政府侨务办公室 等,1
深圳市作家协会 、深圳市龙岗区文学艺术界联合会 、中共深圳市龙岗区横岗街道工作委员会、深圳市龙岗区横岗街道办事处,1
深圳市作家协会 等,2
深圳市光明新区管委会 等,1
深圳市内衣行业协会,2
深圳市博物馆协会,1
深圳市嘉兰图设计股份有限公司,1
深圳市城市管理和综合执法局,1
深圳市城市管理局,1
深圳市大鹏新区管理委员会 ；,1
深圳市委宣传部,1
深圳市委宣传部 等,1
深圳市宝安区人民政府和中国信息通信研究院,1
深圳市工信局 等,1
深圳市慈善会•百丽国际创新公益基金,1
深圳市插画协会,1
深圳市文体旅游局,1
深圳市时装设计师协会 等,1
深圳市福田区人民政府,2
深圳市经济贸易与信息化委员会 等,1
深圳市经济贸易和信息化委员会 等,2
深圳市绘王动漫科技有限公司,1
深圳市翻译协会,1
深圳市规划和自然资源局（市海洋渔业局）,1
深圳市计算机学会 等,1
深圳市音乐家协会 等,1
深圳市龙岗区文化产业发展办公室、香港中文大学（深圳）、深圳信息职业技术学院,1
深圳希施玛数据科技有限公司,2
深圳技术大学 等,1
深圳腾宝盛信息科技有限公司,1
深圳设计周暨环球设计大奖”鲲鹏奖”组委会,1
深圳设计周暨环球设计大奖组委会,1
深圳证券交易所,1
深焦DeepFocus 等,1
清华 x-lab,1
清华Xlab,1
清华大学 等,27
清华大学-华盛顿大学  等,1
清华大学x－lab,1
清华大学、米兰理工大学、浙江省绍兴市柯桥区人民政府,1
清华大学万科公共卫生与健康学院、清华大学健康中国研究院、公共安全科学技术学会,1
清华大学中国创业研究中心 等,1
清华大学中国创业研究中心、英国牛津大学技术与管理发展中心、加拿大瑞尔森大学加中商业与发展中心,1
清华大学人工智能研究院基础模型研究中心 等,1
清华大学会计协会 等,1
清华大学全球可持续发展研究院 等,2
清华大学公共管理学院,1
清华大学公共管理学院 等,1
清华大学和大数据系统软件国家工程研究中心,1
清华大学国强研究院,3
清华大学土木水利学院建设管理系,1
清华大学地球系统科学系,1
清华大学建筑学院  等,1
清华大学数学系科协,1
清华大学文化创意发展研究院,1
清华大学文化创意发展研究院 等,1
清华大学法学院,1
清华大学科研院,1
清华大学经济管理学院 MBA 教育中心,1
清华大学经济管理学院、清华大学医学院、《中华医院管理杂志》,1
清华大学联合米兰理工大学 等,1
清华经管学院新兴信息技术商业应用实验室,1
清华苏州环境创新研究院 等,1
渝中区商务委员会 等,1
渤海大学学生社团联合会,1
温州市人民政府,1
温州市人民政府 等,2
温州市瓯海区人民政府 等,2
渲云,1
湄洲湾职业技术学院 等,1
湖北交通职业技术学院数学建模协会 等,3
湖北交通职业技术学院数学建模协会，武汉玛雅数模科技有限公司，武汉市数帆科技有限公司，数据科学家数学建模等级认证中心,1
湖北今古传奇传媒集团有限公司,1
湖北体育彩票管理中心,1
湖北师范大学数学与统计学院  等,1
湖北师范大学数学与统计学院 等,5
湖北文理学院,1
湖北省人力资源与社会保障厅 湖北省广播电视局 共青团湖北省委,1
湖北省人力资源和社会保障厅 等,1
湖北省人民政府 国务院侨务办公室 武汉市人民政府,1
湖北省人民政府、国务院侨务办公室、武汉市人民政府,1
湖北省今古传奇传媒集团有限公司,1
湖北省发改委 等,1
湖北省图书馆,1
湖北省大学生信息技术创新大赛组委会,1
湖北省委宣传部 等,1
湖北省委网信办 共青团湖北省委,1
湖北省委网信办 等,2
湖北省工业与应用数学学会,11
湖北省市场监督管理局,1
湖北省市场监管局 等,2
湖北省政务管理办公室,1
湖北省教育厅 等,1
湖北省数学学会,3
湖北省文化厅 等,1
湖北省文化和旅游厅,1
湖北省文化和旅游厅 等,1
湖北省文明办 等,1
湖北省海峡两岸交流促进会 等,1
湖北省生态环境厅 等,1
湖北省科学技术厅、湖北省教育厅、共青团湖北省委,1
湖北省经济和信息化厅 等,2
湖北省翻译工作者协会 等,2
湖北省计算机信息系统集成协会,12
湖北省高校数字图书馆 等,1
湖北省高等学校毕业生就业指导服务中心、湖北省大学生创新创业俱乐部,1
湖北省（黄石）园林博览会,1
湖北第二师范学院 等,1
湖北美术馆 等,1
湖北超星集团,1
湖南卫视,1
湖南大学,1
湖南大学创新创业中心 等,1
湖南大学学生创新创业中心 等,5
湖南大学教务处,7
湖南大学教务处 等,3
湖南大学教务处、湖南大学机械与运载工程学院,1
湖南大学新闻传播与影视艺术学院红枫大学生记者节组委会,1
湖南大学英语口语协会、湖南大学Channel-E协会,1
湖南润泽科技教育有限公司,1
湖南省人民政府,1
湖南省人民政府新闻办公室,1
湖南省住房和城乡建设厅 等,1
湖南省力学学会,2
湖南省司法厅,1
湖南省委法制办 等,1
湖南省工业和信息化厅 等,1
湖南省工业设计协会 等,1
湖南省扶贫开发办公室 湖南日报社,1
湖南省摄影家协会 等,2
湖南省摄影家协会、视觉中国,1
湖南省教育厅,7
湖南省教育厅 等,1
湖南省文化厅,1
湖南省文化和旅游厅,2
湖南省文化和旅游厅 等,1
湖南省文学艺术界联合会 等,2
湖南省文明办 等,1
湖南省文联 等,1
湖南省旅发委 等,1
湖南省机器人科技教育学会,4
湖南省机器人科技教育学会 等,1
湖南省民政厅,1
湖南省益阳市碧云诗社、第四届叶紫杯大赛组委会,1
湖南省知识产权局,1
湖南省科技厅 等,3
湖南省计算机学会,1
湖南省高校数学联盟,1
湖南省高等学校图书情报工作委员会,1
湖南设计艺术家协会 等,1
湖南设计艺术家协会、纹藏·中国,1
湖南首推文化传媒有限公司 等,1
湘潭大学,5
湘潭大学学生社团联合会,1
湘潭大学教务处,13
湘潭大学教务处 等,6
湘潭大学教务处、商学院,1
湘潭大学教务处、能源工程学院,1
湘潭理工学院,2
湛江市经济和信息化局,1
滚石唱片 等,1
滨海新区人民政府主办，滨海新区区委宣传部、滨海新区文广局等,1
滴滴研究院 等,1
演壹圈,1
漳州市工业设计协会,1
潍坊市工业和信息化局,1
澳大利亚,1
烟台大学ACM协会,1
烟台市牟平区文化和旅游局、太合音乐集团,1
焦作隆丰皮草企业有限公司,1
燕山大学创客学院 等,1
燕山大学国家大学科技园,2
燕山大学里仁学院,1
燕山大学里仁学院创新创业指导中心,4
爱普生（中国）有限公司 等,1
爱立信,1
牡丹江市文体广电和旅游局,1
物理协会,1
物联网产教融合联盟,2
物联网创新实验室,1
猿圈科技 等,1
玖富,1
环信,1
环境与测绘学院科技创新协会竞赛部,1
环境与测绘学院科技创新协会竞赛部 等,1
环境与测绘学院科技创新协会项目实践部,1
环境保护部宣传教育中心,1
环境保护部宣传教育中心  等,1
环境保护部宣传教育中心 等,2
环境保护部生态保护红线工作领导小组办公室,1
环太平洋地区大学生微纪录大赛组委会,1
环球小姐大赛组委会,1
环球视觉国际艺术设计奖组委会,1
环青海湖国际公路自行车赛组委会办公室 等,1
现代摄影网,1
珍~古道尔,1
珠海市政务服务数据管理局 等,1
珠海（国家）高新技术产业开发区管委会,2
理学院,5
理学院 等,1
理学院团委学生会理苑杂谈部,1
理学院工科数学教研部,1
瑞士动物保护协会,1
瑞士卢塞恩,1
甘肃中医药大学定西校区 等,1
甘肃省人力资源和社会保障厅 等,1
甘肃省人民政府,1
甘肃省人民政府防范和处理邪教问题办公室,2
甘肃省工业和信息化厅  中国物资再生协会风光设备循环利用专业委员会,1
甘肃省文化厅 等,1
甘肃省文化和旅游厅 等,1
甘肃省文明办、甘肃省教育厅、甘肃省高校工委,1
甘肃省旅游协会,1
生态环境产教联盟 等,3
生态环境产教联盟、北控水务集团,1
生态环境部,2
生态环境部 等,1
生教育学会 等,1
申请方 等,2
电子信息学院电子科技园,1
电子科技大学 等,1
电子科技大学计算机科学与工程学院（网络空间安全学院） 等,1
电工数学专委会 等,1
电气学院自动化测试与控制研究所 等,1
电气工程学院、低碳能源与动力工程学院,1
电气工程学院乒乓球院队 等,1
留坝县人民政府,1
百事可乐,1
百度,6
百度 等,5
百度之星程序设计大赛组织委员会,1
百度公司,1
百度公司 等,2
百度公司、中国科学技术大学联合主办,1
百度在线网络技术（北京）有限公司（简称百度公司）,1
百度手机助手,1
百度技术管理部 等,1
百度数学吧,1
百度新闻 等,1
百度校园,1
百度浏览器和百度趣画,1
百度网盘开放平台,1
百词斩,1
皇家特许管理会计师公会,1
皖江工学院教务部,6
皖江知行社,1
盖娅互娱 等,1
盘县教育局,1
盘锦市总工会 等,1
省人力资源社会保障厅,1
省住房城乡建设厅 等,1
省委人才办 等,1
省委宣传部、省文明办作为指导单位,1
省学位委员会办公室,1
省教育厅 等,2
省教育厅共青团云南省委、云南省教育厅,1
省教育厅共青团内蒙古省委、内蒙古省教育厅,1
省教育厅共青团四川省委、四川省教育厅,1
省教育厅共青团安徽省委、安徽省教育厅,1
省教育厅共青团山西省委、山西省教育厅,1
省教育厅共青团广西省委、广西省教育厅,1
省教育厅共青团新疆自治区省委、新疆自治区省教育厅,1
省教育厅共青团江苏省委、江苏省教育厅,1
省教育厅共青团江西省委、江西省教育厅,1
省教育厅共青团河南省委、河南省教育厅,1
省教育厅共青团浙江省委、浙江省教育厅,1
省教育厅共青团海南省委、海南省教育厅,1
省教育厅共青团湖北省委、湖北省教育厅,1
省教育厅共青团湖南省委、湖南省教育厅,1
省教育厅共青团甘肃省委、甘肃省教育厅,1
省教育厅共青团福建省委、福建省教育厅,1
省教育厅共青团西藏自治区省委、西藏自治区省教育厅,1
省教育厅共青团贵州省委、贵州省教育厅,1
省教育厅共青团辽宁省委、辽宁省教育厅,1
省教育厅共青团青海省委、青海省教育厅,1
省环境保护宣传教育中心,1
省禁毒办,1
省科协科技普及部,1
省科技厅,1
省科技厅 等,1
省精神文明办 等,1
省经信委 等,1
睿远基金管理有限公司 睿远基金投资者教育基地,1
知乎,1
知识产权出版社,2
知识产权新闻宣传中心,1
石家庄市轨道交通有限责任公司,1
石河子大学,6
石河子大学教务处,8
石河子大学经济与管理学院,1
研华文教基金会 等,1
研究生工作部（处）,1
研究生工作部（处） 等,1
碧生源,1
示范性软件学院联盟,2
示范性软件学院联盟 等,1
神居动漫,1
神州数码控股有限公司,4
神州数码有限公司,1
福州大学,1
福州大学教务处,14
福州大学教务处、研究生院,1
福州理工学院,3
福州理工学院 等,1
福州理工学院教务处,2
福州理工学院数学建模协会,1
福建工程学院创新创业教育学院,1
福建日报报业集团,1
福建日报社(报业集团) 等,1
福建日报社（报业集团）,2
福建省人力资源和社会保障厅,1
福建省人力资源和社会保障厅 等,1
福建省人民政府,1
福建省传播学会  华侨大学  澳门科技大学  厦门市集美区文学艺术界联合会  厦门市摄影家协会,1
福建省作家协会 等,1
福建省发展和改革委员会 等,1
福建省团省委 等,1
福建省妇女联合会 等,3
福建省妇联 等,1
福建省委网信办 等,1
福建省委网信办、省文旅厅、省文联,1
福建省工业和信息化厅 等,2
福建省摄影家协会 等,1
福建省教育厅,5
福建省教育厅 等,3
福建省文学艺术界联合会,1
福建省旅游宣传中心  等,1
福建省服装设计师技能大赛组委会,1
福建省林业厅,1
福建省知识产权发展保护中心,1
福建省科学技术厅,1
福建省纳金网信息技术有限公司,1
福建省经信委 等,1
福建省经济和信息化委员会 等,2
福建省美术家协会,1
福建省美术家协会 等,1
福建省美术家协会、德化县陶瓷发展委员会,1
福建省雨田古代玉器博物馆,1
福建省高等学校图书情报工作委员会 福建省高校数字图书馆（FULink）,1
福建省高等教育学会实验室管理专业委员会,1
福特汽车（中国）有限公司,1
福特汽车（中国）有限公司 等,2
科大国盾量子技术股份有限公司,1
科大讯飞,3
科大讯飞 等,1
科学网 等,1
科技部,6
科技部 等,2
科技部办公厅 等,1
科技部火炬高技术产业开发中心,1
科技部火炬高技术产业开发中心 等,2
科技部社会发展科技司,1
科研与素质教育部,1
秦皇岛市人民政府,1
移动摄影大赛组委会,1
空中客车公司 等,1
空中英语教室杂志社,6
立创商城,3
第 46 届 ICPC 国际大学生程序设计竞赛亚洲区域赛（济南）组委会,1
第 47 届 ICPC 国际大学生程序设计竞赛亚洲区域赛（济南）组委会,1
第12届世界运动会,1
第27届中国金鸡百花电影节佛山市执委会办公室,1
第32届柔刚诗歌奖征稿,1
第46届ICPC国际大学生程序设计竞赛亚洲区组委会,1
第47届ICPC亚洲区域赛（合肥）组委会,1
第47届ICPC国际大学生程序设计竞赛亚洲区域赛组委会,1
第47届ICPC国际大学生程序设计竞赛亚洲区域赛（南京）组委会,1
第47届ICPC国际大学生程序设计竞赛亚洲区域赛（西安）组委会,1
第47届ICPC沈阳组委会,1
第6感 等,1
第七届山东文博会执委会,1
第三届“大智慧杯”全国大学生金融精英挑战赛,1
第三届华为大学生电力电子创新大赛组委会,1
第三届泰山·大学生影评大赛,1
第九届大学生广告艺术大赛大连理工大学选拔赛组委会,1
第二十三届北京大学生电影节组委会,2
第二届“三毛散文奖” 等,1
第二届湖南高校大学生征文,1
第五届“羊城杯”公益广告大赛组委会,1
第五届中国“互联网+”大学生创新创业大赛组委会,1
第五届中国非物质文化遗产博览会济南市执委会办公室,1
第五届全国大学生冶金竞赛组织委员会,1
第五届全国智力运动会竞赛委员会,1
第八届数字中国建设峰会组委会,1
第六届新西部大学生（青年）影像节,1
第六届红枫大学生记者节组委会,1
第十七届五一数学建模竞赛组委会 等,1
第十三届“中国软件杯”大学生软件设计大赛组委会,1
第十三届全国运动会筹备委员会,1
第十三届全国高校“模拟市长”大赛 等,1
第十九届“挑战杯”全国大学生课外学术科技作品竞赛组委会,1
第十九届五一数学建模竞赛组委会,1
第十九届全国大学生交通运输科技大赛,1
第十二届全国周培源大学生力学竞赛组委会 中国力学学会,1
第十二届北京大学光华管理学院案例大赛,1
第十五届“挑战杯”全国大学生课外学术科技作品竞赛组委会,1
第十五届全国大学生结构设计竞赛组委会,1
第十四届“北京影协杯”电影剧本征集评选活动,1
第十四届中国大学生服务外包创新创业大赛组织委员会,1
第十四届全国青少年科学影像节,1
第十四届山东省大学生科技节第4届山东省大学生大数据智能大赛组织委员会,1
第十届全国青年科普创新实验暨作品大赛,1
第十届全国高等院校学生“斯维尔杯”建筑信息模型（BIM）应用技能大赛,1
第四届中国绿化博览会执委会,1
第四届全国智力运动会筹备委员会,1
第四届金熊猫全球柔性电子创新创业大赛组委会,1
算法考试中心,1
箭牌基金会 等,1
米兰设计周-中国高校设计学科师生优秀作品展组委会,2
米吉魔方俱乐部,1
粤澳青创国际产业加速器,1
精正数学建模社,3
索尼,2
红创奖设计大赛组委会,2
红十字国际委员会 等,1
红棉中国设计奖组委会,1
红点概念设计,1
红牛维他命饮料有限公司,1
纪元网站,1
织梦网,1
绍兴市委组织部 等,1
绍兴市文化广电新闻出版局,1
绍兴市纪委监委  等,1
绍兴市经济和信息化局,1
经济日报社、中国新闻摄影学会,1
绝味鸭脖 等,1
绵阳市文学艺术界联合会,1
绿色低碳发展智库伙伴 等,1
网易云音乐,1
网易智企 等,1
网易游戏学院,1
网易阴阳师手游,1
网络安全中心 等,1
网络空间安全人才发展基金,1
美国喷气推进实验室（JPL）,1
美国国际法学生联合会(ILSA),1
美国工业与应用数学学会、美国数学协会国防部分析海军研究生院,1
美国数学及其应用联合会,9
美国数学及应用联合会,6
美国海事管理局、美国造船工程学会,1
美国演奏家国际音乐比赛中国赛区组委会 等,1
美国演奏家国际音乐比赛组委会 等,2
美国管理会计师协会（IMA）,2
美国能源部,1
美国能源部（DOE） 等,2
美国计算机协会,1
美国计算机协会（ACM）,1
美国计算机学会,1
美国高通公司 等,1
美国麻省理工学院,1
美少女中国模特大赛组委会,1
美的,1
美的-浙大开放式创新联合实验室,1
美的家用空调事业部,1
美的集团创新中心、美的集团厨房电器事业部、美的集团生活电器事业部、美的集团冰箱事业部,1
美的集团微波和清洁事业部,1
聊城大学东昌学院科技创新协会 等,1
聊城市光速传媒有限公司,1
聊城市光速传媒有限公司 等,1
职此一刻,1
联创团队,1
联合利华,3
联合利华旗下品牌立顿,1
联合国世界旅游组织旅游可持续发展观测点管理与监测中心（MCSTO）,1
联合国开发计划署（UNDP） 等,1
联合国教科文组织 等,1
联合国教科文组织、未来设计师·国际创新设计大赛组委会,1
联合国教科文组织国际工程科技知识中心（IKCEST） 等,1
联合国教科文组织驻华代表处 等,1
联合国新闻部、哈佛大学,1
联合国粮食及农业组织 等,1
联合国语言人才培训体系考试中心,1
联合国采购杯全国大学生英语翻译大赛组委会,1
联合国采购杯全国大学生英语词汇大赛组委会,1
联合国采购杯全国大学生英语阅读大赛组委会,1
联想,3
联想小新 等,1
肇庆学院,3
肇庆学院教务处 等,2
肇庆学院教务处、数学与统计学院,1
肇庆学院教务处、肇庆学院数学与统计学院,1
肇庆学院教务部 等,1
能源青年行暑期调研计划,1
腾讯,9
腾讯 等,2
腾讯GAD 等,1
腾讯GAD游戏开发者平台 等,1
腾讯云加社区 等,1
腾讯优图,1
腾讯公益,1
腾讯公益慈善基金会 等,2
腾讯基金会 等,2
腾讯安全 等,1
腾讯招聘,1
腾讯游戏学堂 等,1
腾讯游戏学院,2
腾讯研究院、清华大学建筑学院、央广网,1
腾讯社交广告,1
腾讯科技(深圳)有限公司,2
腾讯财经,1
腾讯集团,1
自治区党委网信办 等,1
自治区农业农村厅政策与改革处,1
自治区工业和信息化厅 等,1
自治区工业和信息化局 等,1
自治区新闻出版局 等,1
自治区新闻出版广电局、自治区网信办,1
自治区科技厅,1
自治区科技厅 等,1
自然资源部宣传教育中心 中国海洋大学 中国海洋发展基金会 海南热带海洋学院 自然资源部北海局,1
自然资源部宣传教育中心 等,4
舟山市文化和广电旅游体育局,1
航天两大集团公司,1
芦芽山风景管理局 等,1
芬兰万塔城,1
花旗金融信息服务(中国)有限公司,1
花旗金融信息服务（中国）有限公司,1
花瓣网,1
苏宁阅读 等,1
苏州乐聘体育文化策划有限公司 等,1
苏州市人才工作领导小组办公室 等,1
苏州市人民政府 等,1
苏州市吴江区人民政府,2
苏州市大数据管理局 等,3
苏州市文化创意产业联合会 等,1
苏州市文化广电和旅游局,1
苏州广播电视总台广播中心,1
苏格拉底雕塑公园 等,1
苏省市场监督管理局 等,1
苏高教会,1
英伽教育,2
英国工程技术学会,1
英国皇家特许建造学会,1
英格索兰中国,1
英格索兰空调,1
英特尔大连公司,1
英语四六级,2
英飞凌科技（中国）有限公司,1
苹果公司 等,1
茂名市农业农村局,1
荆楚理工学院教务处,1
莘星教育平台,1
莱克电气股份有限公司 等,1
菏泽市人民政府,1
萌芽杂志社,1
葡萄牙航空航天协会,1
蒂森克虏伯电梯（中国）,2
蓝桥云课,2
蓝色光标 等,1
虎丘婚纱城绝设杯中国婚纱礼服设计大赛组委会,1
虎牙,1
虎门镇人民政府,1
蚂蚁财富、蚂蚁保、网商银行,1
蝌蚪五线谱网站 等,2
衢州市经济和信息化委员会 等,1
衣酷适再生时尚设计比赛组委会,1
西北农林大学教务处,2
西北农林大学教务处、 食品科学与工程学院,1
西北农林科技大学教务处,3
西北农林科技大学易班学生工作站,1
西北农林科技大学校团委,4
西北地区模拟联合国大会,1
西北大学数学学院 等,1
西北工业大学,1
西北工业大学体育协会,4
西北工业大学体育部,4
西北工业大学教务处,1
西北工业大学教务处、理学院,1
西北工业大学数学建模协会 等,1
西北工业大学数模协会,1
西北工业大学明德学院 等,1
西北工业大学校团委、学生数学建模协会,1
西北工业大学电子信息学院实验中心,1
西北师范大学 等,1
西北师范大学数学与统计学院数学社,1
西北高校英文辩论赛组委会,1
西南交大教务处,2
西南交大教务处 西南交大实验室及设备管理处,1
西南交大社团联、团委 等,1
西南交通大学,1
西南交通大学2014首届国际大学生文化艺术节组委会、学生工作处,1
西南交通大学信息学院软件工程实验中心 等,2
西南交通大学国际创新创业学院 等,2
西南交通大学国际处,1
西南交通大学实验室与设备管理处、机械工程学院、国家级机械基础实验教学示范中心,6
西南交通大学实验室及设备管理处,1
西南交通大学实验室及设备管理处、教务处、研究生院、学生处、人事处、校团委,2
西南交通大学实验室及设备管理处、教务处、研究生院、学生工作处、校团委、招生就业处、信息科学与技术学院,15
西南交通大学实验室及设备管理处、西南交通大学教务处、西南交通大学数学学院、西南交通大学社团联合会,1
西南交通大学峨眉校区校团委 等,1
西南交通大学教务处,12
西南交通大学教务处 等,10
西南交通大学教务处、研究生院、学生处、人事处、团委,15
西南交通大学教务处、研究生院、学生处、人事处、团委、交通运输与物流学院,6
西南交通大学教务处、研究生院、学生处、人事处、团委、地球科学与环境工程学院,2
西南交通大学教务处、研究生院、学生处、人事处、团委、建筑学院实验中心,1
西南交通大学教务处、研究生院、学生处、人事处、团委、经济管理学院,1
西南交通大学数学建模协会,1
西南交通大学数学建模协会 等,1
西南交通大学新媒体联盟、西南交通大学大学生摄影协会,1
西南交通大学校团委,1
西南交通大学校实验室及设备管理处、人事处、学生处、校团委,2
西南交通大学校实验室及设备管理处、科技处、教务处、学生处、校团委、力学与工程学院,1
西南交通大学生命学院,1
西南交通大学社团联合会 等,1
西南交通大学资产与实验室管理处 等,1
西南大学 等,1
西南政法大学,1
西南林业大学 国际睡莲及水景学会 中国风景园林学会教育工作委员会 《中国园林》杂志社 中国花卉协会荷花分会,1
西城区委宣传部,1
西安,1
西安 等,1
西安交通大学 等,3
西安交通大学、西北大学、西安电子科技大学、空军工程大学、第二炮兵工程大学,1
西安交通大学教务处,2
西安交通大学理学院、教务处、工程坊,1
西安交通大学电子运动会组委会,2
西安市人民政府,2
西安市小动物保护协会  等,2
西安市文化和旅游局 等,1
西安晚报 等,1
西安电子科技大学,1
西安电子科技大学“第五届全国大学生工程训练综合能力竞赛”组织委员会,1
西安电子科技大学外国语学院 等,1
西安电子科技大学外国语学院竞赛基地,2
西安电子科技大学教务处,6
西安电子科技大学教务处 等,1
西安电子科技大学数学与统计学院 等,1
西安电子科技大学海棠八号书院科技创新协会,1
西安电子科技大学网络与信息安全学院,1
西安电影制片厂,1
西安科技大学,1
西安科技大学教务处,7
西安科技大学教务处  等,1
西安科技大学教务处 等,9
西省复合材料研究学会 等,1
西藏大学教务处,2
西藏自治区民委,1
视觉ME,1
视觉中国,1
解放军新闻传播中心网络部,1
詹姆士‧戴森基金会,1
计算机大会组委会(ISC)、国际高性能计算咨询委员会(HPC AC),1
计算机爱好者协会,1
计算机科学与工程学院团委,1
认证杯数学建模国际赛组织委员会 等,1
讯达集团 等,1
诗刊社 等,1
诗经吟唱与才艺大赛志愿者服务队,1
语文学习报编辑部,1
诸暨市人民政府,1
诸暨市人民政府 等,1
读者出版集团、读者杂志社,1
读者杂志社,5
谷歌,2
豆瓣阅读,1
財團法人東元科技文教基金會,1
贝塔斯曼,2
贝恩,1
财团法人东元科技文教基金会 等,1
财团法人自行车暨健康科技工业研究发展中心 (CHC),1
财政部会计司 等,1
贵州大学,1
贵州大学教务处,1
贵州工程应用技术学学院教务处 等,1
贵州省大数据发展管理局 等,1
贵州省委宣传部 等,1
贵州省工业和信息化厅,1
贵州省工业和信息化厅、贵州省人力资源和社会保障厅、贵州省教育厅、贵州省总工会、共青团贵州省委,1
贵州省广告协会,1
贵州省文化和旅游厅 等,1
贵州省文明委 等,1
贵州省新闻工作者协会、贵州省网络文化发展协会、贵州省互联网发展协会,1
贵州省民宗委 等,1
贵州省水利厅 等,1
贵州省科学技术协会 等,1
贵州省经济和信息化委员会,1
贵州省美术家协会 等,1
贵阳大数据交易所,1
贵阳市人民政府,1
贵阳市人民政府 等,2
贵阳市公安交通管理局,1
资产与实验实管理处,1
资产与实验室管理处 等,1
资源与地球科学学院,4
赛唯（Siwe）移动互联网实验室、大连理工大学创新实验学院,1
赛尔网络有限公司,1
赛思SESH,1
赛思SESH团队 等,1
赛思项目 等,1
赛氪,3
赛氪官方,1
赛氪网,1
赛氪考研,2
赣州市文化广电新闻出版旅游局,1
超级数学建模,1
趋势科技中国研发中心,1
跟谁学 等,1
软件学院、创新实验学院、教务处,1
辽宁省农业农村厅 等,1
辽宁省创新方法研究会,1
辽宁省包装联合会 等,1
辽宁省工业和信息化厅、大连市人民政府、华为技术有限公司,1
辽宁省广播电视局 等,1
辽宁省教育厅,11
辽宁省教育厅 等,12
辽宁省教育厅、辽宁省财政厅,2
辽宁省数学会,1
辽宁省文明办 等,1
辽宁省模拟联合国大会,1
辽宁省科学技术协会 等,1
辽宁石油化工大学,1
辽宁石油化工大学化学化工与环境学部 等,1
辽宁科技大学,7
辽宁轨道交通职业学院,2
辽宁轨道交通职业学院管理工程系,1
运城市粮食局,1
远见者杯全国大学生创新促进就业大赛组委会,6
连云港市委宣传部 等,1
迪卡侬,1
退役军人事务部 等,1
遂宁市教育和体育局 等,1
遂昌县人民政府,1
遂溪文旅,1
道合设计 等,1
邢台市文学艺术界联合会,1
邯郸学院 等,1
邯郸学院、共青团邯郸市委、邯郸市作家协会《九月》杂志社,1
邯郸学院、邯郸市作家协会,1
邵东市人民政府,1
邵阳职业技术学院,2
郎酒集团,1
郑商所、中期协,1
郑州商品交易所 等,3
郑州大学校团委 等,1
郑州市卫生健康委员会  郑州航空港经济综合实验区管委会  世界生命科技大会组委会,1
郑州市科学技术局 等,2
郑州市科技局,1
郑州市科技局 等,1
郑州郑东新区中原科技城委员会 等,1
鄂尔多斯市人民政府,1
鄂尔多斯市人民政府 等,1
鄱阳湖国际观鸟周,1
里仁学院创新创业指导中心,1
重庆中国三峡博物馆、重庆市博物馆协会、重庆宣传文化发展基金会,1
重庆大学图书馆 等,1
重庆大学土木工程学院学生会,1
重庆大学数模组委会,1
重庆大学机器人创新团队   机器人爱好者协会,1
重庆大学电气工程学院,1
重庆大学研究生院,1
重庆大学零壹工作室,2
重庆市人力资源和社会保障局,3
重庆市人力资源和社会保障局 等,2
重庆市人民政府,1
重庆市大数据应用发展管理局 等,1
重庆市委宣传部 等,1
重庆市教委,2
重庆市教育委员会 等,1
重庆市文学艺术界联合会 等,1
重庆市温泉旅游行业协会 等,1
重庆市版权局 等,1
重庆市生态环境局 等,1
重庆市电影家协会 等,1
重庆市科学技术局,1
重庆市科学技术局 等,1
重庆市经济和信息化委员会 等,1
重庆征信有限责任公司,2
重庆法制报社,1
重庆海联职业技术学院 等,1
重庆理工大学 等,1
重庆理工大学教务处,1
重庆移通学院、晋中信息学院、泰山科技学院,1
重庆邮电大学移通学院创意写作中心,1
重庆邮电大学移通学院创意写作学院,1
金华市人民政府,1
金华市文联 等,1
金华市经济和信息化委员会,1
金地物业,1
金山办公,1
金斯瑞生物科技,1
金星英语委员会,1
金桥（集团） 等,1
金点设计,1
金砖国家工商理事会 等,1
金砖国家工商理事会中方理事会 等,1
金程教育,1
金箍棒工业产品设计江阴有限公司,1
金蝶,1
金融极客网,1
金門縣文化局,1
铁路BIM联盟 等,1
银川科技学院,6
银川科技学院团委,5
银联,1
长三角创意经济合作专业委员会,1
长三角电影联盟 等,1
长大棋社,1
长宁区新时代文明实践中心 等,1
长春市人民政府,1
长春市共青团委,1
长江大学教务处,1
长江文明馆（武汉自然博物馆）,1
长江证券 等,2
长沙学院数学建模协会,1
长沙市工信局和省技术产权交易中心 等,1
长沙市文化旅游广电局,1
长沙市文化旅游广电局、长沙市科学技术协会,1
长沙银行 等,1
长治医学院数学建模协会,1
闽侯县人民政府,1
闽南师范大学,4
闽南师范大学教务处,4
阿克苏诺贝尔,1
阿坝藏族羌族自治州人民政府、四川省作家协会,1
阿里中间件 等,1
阿里云,2
阿里云大学 等,1
阿里巴巴,2
阿里巴巴集团,1
陇南师专团委 等,1
陈伯吹儿童文学基金专业委员会 等,1
陕西五校（西安交通大学、西安电子科技大学、长安大学、空军工程大学、西安理工大学、西安邮电大学）,1
陕西漫画研究会会长,1
陕西省信号处理学会,1
陕西省大学生程序设计竞赛组委会,1
陕西省妇女联合会 等,2
陕西省妇女联合会、西安市妇女联合会、西安市碑林环大学创新产业带管委会,1
陕西省委宣传部,1
陕西省室内装饰协会,1
陕西省建设工会委员会 等,1
陕西省建设教育协会,1
陕西省教育厅,4
陕西省教育厅、陕西省文化厅、陕西省文学艺术界联合会、陕西省美术家协会、西安美术学院,1
陕西省数学会 等,1
陕西省文化产业协会 等,1
陕西省文化和旅游厅 等,1
陕西省文化和旅游厅 陕西省教育厅 陕西省文物局 共青团陕西省委员会 中国贸易促进委员会陕西省分会,1
陕西省机械工程学会,1
陕西省环境保护厅 等,1
陕西省生态环境厅、陕西省教育厅、陕西省水利厅、陕西省林业局、陕西省团省委、陕西省戏剧家协会,1
陕西省第十七届运动会榆林市筹备委员会,1
陕西省翻译协会   等,1
陕西省翻译协会 等,3
陕西省青年文学协会,2
陕西艺术摄影学会、甘肃省现代摄影学会、青海省国际文化经济交流协会、新疆中华传统文化研究会、宁夏艺术摄影学会、国际摄影协会,1
院公共课程教学部,1
陶氏化学,1
雄安新区党工委管委会宣传网信局,3
雄安新区未来工业设计研究院,2
雪仙丽,1
青少年科技创意大赛,1
青岛农业大学,3
青岛农业大学 等,1
青岛农业大学创新创业学院,1
青岛农业大学大学生社团联合会,1
青岛农业大学教务处,1
青岛农业大学教务处 等,1
青岛农业大学校团委 等,1
青岛农业大学理学与信息科学学院团委,1
青岛大学,2
青岛大学创新创业学院 等,7
青岛大学教务处,1
青岛大学教务处 等,8
青岛大学数学建模研究学会 等,1
青岛市工业和信息化局,1
青岛市工业和信息化局 等,1
青岛市市场监督管理局  等,1
青岛市文学艺术界联合会 等,1
青岛市科学技术协会,1
青岛市科学技术协会 等,1
青岛海尔特种电冰柜有限公司,1
青岛理工大学（临沂）基础部,1
青岛高校数学建模联盟 等,1
青海大学土木工程学院 等,1
青海省委宣传部 等,1
青海省教育厅,2
青海赛区委员会,1
青艺美术中心,1
靳埭强设计奖,1
靳埭强设计奖全球华人设计比赛组委会,1
鞍山师范学院,2
韩国国际文化交流振兴院 等,1
韩素音国际翻译大赛组委会,1
音乐窝,1
音乐霸,1
音乐霸，由布拉沃科技有限公司所营运,1
韶关市人民政府,1
韶关市工业和信息化局,1
顺丰,1
顺丰航空有限公司,1
飞马旅,1
饿了么,1
首尔汝矣岛汉江公园,1
首届“上证杯”上海大学生创新创业大赛,1
首都科技服务业协会,1
首都精神文明建设委员会办公室 等,1
香港中华煤气有限公司,1
香港中文大学《独立时代》中文电子杂志社 等,1
香港中文大学（深圳） 等,1
香港环亚国际艺术文化传播有限公司、环亚国际设计协师协会（ADA）,1
香港艺术发展局 等,1
香港艺术设计研究院 等,1
香港骏辰帝国科技有限公司,1
马中教育文化交流协会,1
马克思主义学院 等,1
马鞍山市文化和旅游局,1
高品图像,6
高品图像 等,1
高密市人才工作领导小组,1
高新区党委人才办,1
高校招生,1
高校棋协联合会,1
高校毕业生就业协会 等,1
高洁丝,1
高百赢展览 (上海) 有限公司,1
高百赢展览（上海）有限公司,1
高盛,1
高等学校国家级实验教学示范中心联席会主办,1
高等学校国家级实验教学示范中心联席会基础医学组 等,1
高等学校国家级实验教学示范中心联席会经济与管理学科组,2
高等学校国家级实验教学示范中心联席会经济与管理学科组 中国陶行知研究会,1
高等学校国家级实验教学示范中心联席会经济与管理学科组 等,2
高等学校国家级实验教学示范中心联席会经济与管理学科组、中国陶行知研究会,1
高等学校国家级实验教学示范中心联席会药学学科组,1
高等学校土建学科教学指导委员会 等,1
高等学校土木工程学科专业指导委员会 等,1
高等学校土木工程学科专业指导委员会、中国土木工程学会教育工作委员会,1
高等学校大学外语教学指导委员会 等,3
高等学校大学外语教学研究会,1
高等学校大学外语教学研究会  等,1
高等学校大学外语教学研究会 等,4
高等学校大学外语教学研究会（大英赛同主办方） 等,1
高等学校大学生医学创新竞赛委员会,1
高等学校教育技术教学指导分委员会,1
高等学校自动化类专业教育指导委员会,104
高等教育司、工业和信息化部,1
高通、红杉 等,1
高雄市广告创意协会,1
魅力东方•中国内衣创意设计大赛组委会,1
鲁山县文学艺术界联合会 等,1
鲲鹏生态创新中心 等,1
鹤壁市文化广电和旅游局,1
麦斯兔（香港）数字娱乐有限公司 等,1
麻省理工学院,1
黄梅县文化和旅游局,1
黄河水利职业技术学院数学建模协会,1
黑苹果青年,1
黑龙江建筑职业技术学院北极熊BIM社 等,2
黑龙江数学会,5
黑龙江省人社厅 等,1
黑龙江省光学学会,1
黑龙江省工业和信息化厅,1
黑龙江省工业和信息化委员会,1
黑龙江省政府新闻办公室 等,1
黑龙江省教育厅,1
黑龙江省教育厅 等,1
黑龙江省教育厅高教处 等,1
黑龙江省模拟联合国大会,1
黑龙江省第六批援藏工作队 等,1
黑龙江省自动化学会 等,2
黑龙江省计算机学会,1
黑龙江省计算机学会 等,1
黔东南州民族博物馆,1
鼎新青年双创联盟 等,1
鼓楼区文化发展领导小组 等,1
龙岩市旅游局,1
龙湖集团,1
龙腾精英超级模特大赛组委会,1
（中国）中外语言文化比较学会,1
ＩＭＡ管理会计教育指导委员会,1
角色：Tradimo 学得谋,1
角色：举办单位,1
角色：北京现代汽车有限公司,1
角色：国家发展改革委 等,1
角色：指导单位,1
角色：支持单位,1
角色：杭州实在智能科技有限公司 等,1
角色：清华大学地球系统科学系 等,1
角色：湖北省文明办 等,1
